PRAGMA foreign_keys=OFF;
BEGIN TRANSACTION;
CREATE TABLE IF NOT EXISTS "migrations" ("id" integer primary key autoincrement not null, "migration" varchar not null, "batch" integer not null);
INSERT INTO migrations VALUES(1,'0001_01_01_000000_create_users_table',1);
INSERT INTO migrations VALUES(2,'0001_01_01_000001_create_cache_table',1);
INSERT INTO migrations VALUES(3,'0001_01_01_000002_create_jobs_table',1);
INSERT INTO migrations VALUES(4,'2025_08_03_151916_create_permission_tables',1);
INSERT INTO migrations VALUES(5,'2025_08_07_134519_add_user_table',1);
INSERT INTO migrations VALUES(6,'2025_08_24_124424_create_suppliers_table',1);
INSERT INTO migrations VALUES(7,'2025_08_24_203156_create_articles_table',1);
INSERT INTO migrations VALUES(8,'2025_08_28_160455_create_bodegas_table',1);
INSERT INTO migrations VALUES(9,'2025_08_28_162331_add_bodega_id_to_users_table',1);
INSERT INTO migrations VALUES(10,'2025_08_28_211133_create_movimiento_inventarios_table',1);
INSERT INTO migrations VALUES(11,'2025_08_31_131912_create_variantes_table',1);
INSERT INTO migrations VALUES(12,'2025_09_02_010306_create_bodega_user_table',1);
INSERT INTO migrations VALUES(13,'2025_09_02_010904_add_active_bodega_to_users_table',1);
INSERT INTO migrations VALUES(14,'2025_09_07_145719_add_bodega_id_to_articles_table',1);
INSERT INTO migrations VALUES(15,'2025_09_08_193236_create_clientes_table',1);
INSERT INTO migrations VALUES(16,'2025_09_08_193313_create_cajas_table',1);
INSERT INTO migrations VALUES(17,'2025_09_08_193401_create_sesion_cajas_table',1);
INSERT INTO migrations VALUES(18,'2025_09_08_193402_create_ventas_table',1);
INSERT INTO migrations VALUES(19,'2025_09_08_193403_create_venta_detalles_table',1);
INSERT INTO migrations VALUES(20,'2025_09_09_200057_create_bodega_article_table',1);
INSERT INTO migrations VALUES(21,'2025_09_10_130223_add_fecha_caducidad_to_articles_table',1);
INSERT INTO migrations VALUES(22,'2025_09_21_132959_add_tipo_detalle_to_articles_table',1);
CREATE TABLE IF NOT EXISTS "password_reset_tokens" ("email" varchar not null, "token" varchar not null, "created_at" datetime, primary key ("email"));
CREATE TABLE IF NOT EXISTS "sessions" ("id" varchar not null, "user_id" integer, "ip_address" varchar, "user_agent" text, "payload" text not null, "last_activity" integer not null, primary key ("id"));
INSERT INTO sessions VALUES('mKuF5GosoqIjlh0ocjC5wXwhYRu33XLJm8yPV7Ig',2,'127.0.0.1','Mozilla/5.0 (Macintosh; Intel Mac OS X 10_15_7) AppleWebKit/537.36 (KHTML, like Gecko) Chrome/140.0.0.0 Safari/537.36','YTo4OntzOjY6Il90b2tlbiI7czo0MDoiZnNudFdoTmdkVEY2WTg0UEpwYkxTSVRVTjVsRk41eXptYWE2Q0tvQyI7czo5OiJfcHJldmlvdXMiO2E6MTp7czozOiJ1cmwiO3M6MzY6Imh0dHA6Ly8xMjcuMC4wLjE6ODAwMC9hZG1pbi9hcnRpY2xlcyI7fXM6NjoiX2ZsYXNoIjthOjI6e3M6Mzoib2xkIjthOjA6e31zOjM6Im5ldyI7YTowOnt9fXM6MzoidXJsIjthOjA6e31zOjUwOiJsb2dpbl93ZWJfNTliYTM2YWRkYzJiMmY5NDAxNTgwZjAxNGM3ZjU4ZWE0ZTMwOTg5ZCI7aToyO3M6MTc6InBhc3N3b3JkX2hhc2hfd2ViIjtzOjYwOiIkMnkkMTIkSktMdExCci4uYmlKZVdzVGRBRnk0ZXM5RFVHR3htbEhhWFZrdC5NSjdSNjQ5aUhlc3NSa0siO3M6ODoiZmlsYW1lbnQiO2E6MDp7fXM6NjoidGFibGVzIjthOjE6e3M6NDE6Ijc5ZDgzODgzODU1OTMzNTg3ZDA2NTZmNTBmODc4YTk3X3Blcl9wYWdlIjtzOjI6IjEwIjt9fQ==',1759283778);
INSERT INTO sessions VALUES('CmM3R7q29HKY7lFxzkdcpJ1MHXuFcmMb5GmggmzM',NULL,'127.0.0.1','Mozilla/5.0 (Macintosh; Intel Mac OS X 10_15_7) AppleWebKit/537.36 (KHTML, like Gecko) Chrome/140.0.0.0 Safari/537.36','YTo0OntzOjY6Il90b2tlbiI7czo0MDoicnNQOTUxTFlBQTFxRFRKcEYyQThmTzJNN3dKdmRSNGhNdWdtTE1KdCI7czozOiJ1cmwiO2E6MTp7czo4OiJpbnRlbmRlZCI7czozNjoiaHR0cDovLzEyNy4wLjAuMTo4MDAwL2FkbWluL2FydGljbGVzIjt9czo2OiJfZmxhc2giO2E6Mjp7czozOiJvbGQiO2E6MDp7fXM6MzoibmV3IjthOjA6e319czo5OiJfcHJldmlvdXMiO2E6MTp7czozOiJ1cmwiO3M6MzM6Imh0dHA6Ly8xMjcuMC4wLjE6ODAwMC9hZG1pbi9sb2dpbiI7fX0=',1759340388);
CREATE TABLE IF NOT EXISTS "cache" ("key" varchar not null, "value" text not null, "expiration" integer not null, primary key ("key"));
INSERT INTO cache VALUES('laravel-cache-livewire-rate-limiter:056fc329aaaa757d31db450f525da23fde4d1b36:timer','i:1759283728;',1759283728);
INSERT INTO cache VALUES('laravel-cache-livewire-rate-limiter:056fc329aaaa757d31db450f525da23fde4d1b36','i:1;',1759283728);
INSERT INTO cache VALUES('laravel-cache-spatie.permission.cache','a:3:{s:5:"alias";a:4:{s:1:"a";s:2:"id";s:1:"b";s:4:"name";s:1:"c";s:10:"guard_name";s:1:"r";s:5:"roles";}s:11:"permissions";a:61:{i:0;a:4:{s:1:"a";i:1;s:1:"b";s:12:"view_article";s:1:"c";s:3:"web";s:1:"r";a:1:{i:0;i:1;}}i:1;a:4:{s:1:"a";i:2;s:1:"b";s:16:"view_any_article";s:1:"c";s:3:"web";s:1:"r";a:1:{i:0;i:1;}}i:2;a:4:{s:1:"a";i:3;s:1:"b";s:14:"create_article";s:1:"c";s:3:"web";s:1:"r";a:1:{i:0;i:1;}}i:3;a:4:{s:1:"a";i:4;s:1:"b";s:14:"update_article";s:1:"c";s:3:"web";s:1:"r";a:1:{i:0;i:1;}}i:4;a:4:{s:1:"a";i:5;s:1:"b";s:14:"delete_article";s:1:"c";s:3:"web";s:1:"r";a:1:{i:0;i:1;}}i:5;a:4:{s:1:"a";i:6;s:1:"b";s:18:"delete_any_article";s:1:"c";s:3:"web";s:1:"r";a:1:{i:0;i:1;}}i:6;a:4:{s:1:"a";i:7;s:1:"b";s:11:"view_bodega";s:1:"c";s:3:"web";s:1:"r";a:1:{i:0;i:1;}}i:7;a:4:{s:1:"a";i:8;s:1:"b";s:15:"view_any_bodega";s:1:"c";s:3:"web";s:1:"r";a:1:{i:0;i:1;}}i:8;a:4:{s:1:"a";i:9;s:1:"b";s:13:"create_bodega";s:1:"c";s:3:"web";s:1:"r";a:1:{i:0;i:1;}}i:9;a:4:{s:1:"a";i:10;s:1:"b";s:13:"update_bodega";s:1:"c";s:3:"web";s:1:"r";a:1:{i:0;i:1;}}i:10;a:4:{s:1:"a";i:11;s:1:"b";s:13:"delete_bodega";s:1:"c";s:3:"web";s:1:"r";a:1:{i:0;i:1;}}i:11;a:4:{s:1:"a";i:12;s:1:"b";s:17:"delete_any_bodega";s:1:"c";s:3:"web";s:1:"r";a:1:{i:0;i:1;}}i:12;a:4:{s:1:"a";i:13;s:1:"b";s:9:"view_caja";s:1:"c";s:3:"web";s:1:"r";a:1:{i:0;i:1;}}i:13;a:4:{s:1:"a";i:14;s:1:"b";s:13:"view_any_caja";s:1:"c";s:3:"web";s:1:"r";a:1:{i:0;i:1;}}i:14;a:4:{s:1:"a";i:15;s:1:"b";s:11:"create_caja";s:1:"c";s:3:"web";s:1:"r";a:1:{i:0;i:1;}}i:15;a:4:{s:1:"a";i:16;s:1:"b";s:11:"update_caja";s:1:"c";s:3:"web";s:1:"r";a:1:{i:0;i:1;}}i:16;a:4:{s:1:"a";i:17;s:1:"b";s:11:"delete_caja";s:1:"c";s:3:"web";s:1:"r";a:1:{i:0;i:1;}}i:17;a:4:{s:1:"a";i:18;s:1:"b";s:15:"delete_any_caja";s:1:"c";s:3:"web";s:1:"r";a:1:{i:0;i:1;}}i:18;a:4:{s:1:"a";i:19;s:1:"b";s:12:"view_cliente";s:1:"c";s:3:"web";s:1:"r";a:1:{i:0;i:1;}}i:19;a:4:{s:1:"a";i:20;s:1:"b";s:16:"view_any_cliente";s:1:"c";s:3:"web";s:1:"r";a:1:{i:0;i:1;}}i:20;a:4:{s:1:"a";i:21;s:1:"b";s:14:"create_cliente";s:1:"c";s:3:"web";s:1:"r";a:1:{i:0;i:1;}}i:21;a:4:{s:1:"a";i:22;s:1:"b";s:14:"update_cliente";s:1:"c";s:3:"web";s:1:"r";a:1:{i:0;i:1;}}i:22;a:4:{s:1:"a";i:23;s:1:"b";s:14:"delete_cliente";s:1:"c";s:3:"web";s:1:"r";a:1:{i:0;i:1;}}i:23;a:4:{s:1:"a";i:24;s:1:"b";s:18:"delete_any_cliente";s:1:"c";s:3:"web";s:1:"r";a:1:{i:0;i:1;}}i:24;a:4:{s:1:"a";i:25;s:1:"b";s:15:"view_permission";s:1:"c";s:3:"web";s:1:"r";a:1:{i:0;i:1;}}i:25;a:4:{s:1:"a";i:26;s:1:"b";s:19:"view_any_permission";s:1:"c";s:3:"web";s:1:"r";a:1:{i:0;i:1;}}i:26;a:4:{s:1:"a";i:27;s:1:"b";s:17:"create_permission";s:1:"c";s:3:"web";s:1:"r";a:1:{i:0;i:1;}}i:27;a:4:{s:1:"a";i:28;s:1:"b";s:17:"update_permission";s:1:"c";s:3:"web";s:1:"r";a:1:{i:0;i:1;}}i:28;a:4:{s:1:"a";i:29;s:1:"b";s:17:"delete_permission";s:1:"c";s:3:"web";s:1:"r";a:1:{i:0;i:1;}}i:29;a:4:{s:1:"a";i:30;s:1:"b";s:21:"delete_any_permission";s:1:"c";s:3:"web";s:1:"r";a:1:{i:0;i:1;}}i:30;a:4:{s:1:"a";i:31;s:1:"b";s:9:"view_role";s:1:"c";s:3:"web";s:1:"r";a:1:{i:0;i:1;}}i:31;a:4:{s:1:"a";i:32;s:1:"b";s:13:"view_any_role";s:1:"c";s:3:"web";s:1:"r";a:1:{i:0;i:1;}}i:32;a:4:{s:1:"a";i:33;s:1:"b";s:11:"create_role";s:1:"c";s:3:"web";s:1:"r";a:1:{i:0;i:1;}}i:33;a:4:{s:1:"a";i:34;s:1:"b";s:11:"update_role";s:1:"c";s:3:"web";s:1:"r";a:1:{i:0;i:1;}}i:34;a:4:{s:1:"a";i:35;s:1:"b";s:11:"delete_role";s:1:"c";s:3:"web";s:1:"r";a:1:{i:0;i:1;}}i:35;a:4:{s:1:"a";i:36;s:1:"b";s:15:"delete_any_role";s:1:"c";s:3:"web";s:1:"r";a:1:{i:0;i:1;}}i:36;a:4:{s:1:"a";i:37;s:1:"b";s:16:"view_sesion_caja";s:1:"c";s:3:"web";s:1:"r";a:1:{i:0;i:1;}}i:37;a:4:{s:1:"a";i:38;s:1:"b";s:20:"view_any_sesion_caja";s:1:"c";s:3:"web";s:1:"r";a:1:{i:0;i:1;}}i:38;a:4:{s:1:"a";i:39;s:1:"b";s:18:"create_sesion_caja";s:1:"c";s:3:"web";s:1:"r";a:1:{i:0;i:1;}}i:39;a:4:{s:1:"a";i:40;s:1:"b";s:18:"update_sesion_caja";s:1:"c";s:3:"web";s:1:"r";a:1:{i:0;i:1;}}i:40;a:4:{s:1:"a";i:41;s:1:"b";s:18:"delete_sesion_caja";s:1:"c";s:3:"web";s:1:"r";a:1:{i:0;i:1;}}i:41;a:4:{s:1:"a";i:42;s:1:"b";s:22:"delete_any_sesion_caja";s:1:"c";s:3:"web";s:1:"r";a:1:{i:0;i:1;}}i:42;a:4:{s:1:"a";i:43;s:1:"b";s:14:"view_suppliers";s:1:"c";s:3:"web";s:1:"r";a:1:{i:0;i:1;}}i:43;a:4:{s:1:"a";i:44;s:1:"b";s:18:"view_any_suppliers";s:1:"c";s:3:"web";s:1:"r";a:1:{i:0;i:1;}}i:44;a:4:{s:1:"a";i:45;s:1:"b";s:16:"create_suppliers";s:1:"c";s:3:"web";s:1:"r";a:1:{i:0;i:1;}}i:45;a:4:{s:1:"a";i:46;s:1:"b";s:16:"update_suppliers";s:1:"c";s:3:"web";s:1:"r";a:1:{i:0;i:1;}}i:46;a:4:{s:1:"a";i:47;s:1:"b";s:16:"delete_suppliers";s:1:"c";s:3:"web";s:1:"r";a:1:{i:0;i:1;}}i:47;a:4:{s:1:"a";i:48;s:1:"b";s:20:"delete_any_suppliers";s:1:"c";s:3:"web";s:1:"r";a:1:{i:0;i:1;}}i:48;a:4:{s:1:"a";i:49;s:1:"b";s:9:"view_user";s:1:"c";s:3:"web";s:1:"r";a:1:{i:0;i:1;}}i:49;a:4:{s:1:"a";i:50;s:1:"b";s:13:"view_any_user";s:1:"c";s:3:"web";s:1:"r";a:1:{i:0;i:1;}}i:50;a:4:{s:1:"a";i:51;s:1:"b";s:11:"create_user";s:1:"c";s:3:"web";s:1:"r";a:1:{i:0;i:1;}}i:51;a:4:{s:1:"a";i:52;s:1:"b";s:11:"update_user";s:1:"c";s:3:"web";s:1:"r";a:1:{i:0;i:1;}}i:52;a:4:{s:1:"a";i:53;s:1:"b";s:11:"delete_user";s:1:"c";s:3:"web";s:1:"r";a:1:{i:0;i:1;}}i:53;a:4:{s:1:"a";i:54;s:1:"b";s:15:"delete_any_user";s:1:"c";s:3:"web";s:1:"r";a:1:{i:0;i:1;}}i:54;a:4:{s:1:"a";i:55;s:1:"b";s:10:"view_venta";s:1:"c";s:3:"web";s:1:"r";a:1:{i:0;i:1;}}i:55;a:4:{s:1:"a";i:56;s:1:"b";s:14:"view_any_venta";s:1:"c";s:3:"web";s:1:"r";a:1:{i:0;i:1;}}i:56;a:4:{s:1:"a";i:57;s:1:"b";s:12:"create_venta";s:1:"c";s:3:"web";s:1:"r";a:1:{i:0;i:1;}}i:57;a:4:{s:1:"a";i:58;s:1:"b";s:12:"update_venta";s:1:"c";s:3:"web";s:1:"r";a:1:{i:0;i:1;}}i:58;a:4:{s:1:"a";i:59;s:1:"b";s:12:"delete_venta";s:1:"c";s:3:"web";s:1:"r";a:1:{i:0;i:1;}}i:59;a:4:{s:1:"a";i:60;s:1:"b";s:16:"delete_any_venta";s:1:"c";s:3:"web";s:1:"r";a:1:{i:0;i:1;}}i:60;a:4:{s:1:"a";i:61;s:1:"b";s:13:"change_bodega";s:1:"c";s:3:"web";s:1:"r";a:1:{i:0;i:1;}}}s:5:"roles";a:1:{i:0;a:3:{s:1:"a";i:1;s:1:"b";s:5:"admin";s:1:"c";s:3:"web";}}}',1759370068);
CREATE TABLE IF NOT EXISTS "cache_locks" ("key" varchar not null, "owner" varchar not null, "expiration" integer not null, primary key ("key"));
CREATE TABLE IF NOT EXISTS "jobs" ("id" integer primary key autoincrement not null, "queue" varchar not null, "payload" text not null, "attempts" integer not null, "reserved_at" integer, "available_at" integer not null, "created_at" integer not null);
CREATE TABLE IF NOT EXISTS "job_batches" ("id" varchar not null, "name" varchar not null, "total_jobs" integer not null, "pending_jobs" integer not null, "failed_jobs" integer not null, "failed_job_ids" text not null, "options" text, "cancelled_at" integer, "created_at" integer not null, "finished_at" integer, primary key ("id"));
CREATE TABLE IF NOT EXISTS "failed_jobs" ("id" integer primary key autoincrement not null, "uuid" varchar not null, "connection" text not null, "queue" text not null, "payload" text not null, "exception" text not null, "failed_at" datetime not null default CURRENT_TIMESTAMP);
CREATE TABLE IF NOT EXISTS "permissions" ("id" integer primary key autoincrement not null, "name" varchar not null, "guard_name" varchar not null, "created_at" datetime, "updated_at" datetime);
INSERT INTO permissions VALUES(1,'view_article','web','2025-10-01 01:42:02','2025-10-01 01:42:02');
INSERT INTO permissions VALUES(2,'view_any_article','web','2025-10-01 01:42:02','2025-10-01 01:42:02');
INSERT INTO permissions VALUES(3,'create_article','web','2025-10-01 01:42:02','2025-10-01 01:42:02');
INSERT INTO permissions VALUES(4,'update_article','web','2025-10-01 01:42:02','2025-10-01 01:42:02');
INSERT INTO permissions VALUES(5,'delete_article','web','2025-10-01 01:42:02','2025-10-01 01:42:02');
INSERT INTO permissions VALUES(6,'delete_any_article','web','2025-10-01 01:42:02','2025-10-01 01:42:02');
INSERT INTO permissions VALUES(7,'view_bodega','web','2025-10-01 01:42:02','2025-10-01 01:42:02');
INSERT INTO permissions VALUES(8,'view_any_bodega','web','2025-10-01 01:42:02','2025-10-01 01:42:02');
INSERT INTO permissions VALUES(9,'create_bodega','web','2025-10-01 01:42:02','2025-10-01 01:42:02');
INSERT INTO permissions VALUES(10,'update_bodega','web','2025-10-01 01:42:02','2025-10-01 01:42:02');
INSERT INTO permissions VALUES(11,'delete_bodega','web','2025-10-01 01:42:02','2025-10-01 01:42:02');
INSERT INTO permissions VALUES(12,'delete_any_bodega','web','2025-10-01 01:42:02','2025-10-01 01:42:02');
INSERT INTO permissions VALUES(13,'view_caja','web','2025-10-01 01:42:02','2025-10-01 01:42:02');
INSERT INTO permissions VALUES(14,'view_any_caja','web','2025-10-01 01:42:02','2025-10-01 01:42:02');
INSERT INTO permissions VALUES(15,'create_caja','web','2025-10-01 01:42:02','2025-10-01 01:42:02');
INSERT INTO permissions VALUES(16,'update_caja','web','2025-10-01 01:42:02','2025-10-01 01:42:02');
INSERT INTO permissions VALUES(17,'delete_caja','web','2025-10-01 01:42:02','2025-10-01 01:42:02');
INSERT INTO permissions VALUES(18,'delete_any_caja','web','2025-10-01 01:42:02','2025-10-01 01:42:02');
INSERT INTO permissions VALUES(19,'view_cliente','web','2025-10-01 01:42:02','2025-10-01 01:42:02');
INSERT INTO permissions VALUES(20,'view_any_cliente','web','2025-10-01 01:42:02','2025-10-01 01:42:02');
INSERT INTO permissions VALUES(21,'create_cliente','web','2025-10-01 01:42:02','2025-10-01 01:42:02');
INSERT INTO permissions VALUES(22,'update_cliente','web','2025-10-01 01:42:02','2025-10-01 01:42:02');
INSERT INTO permissions VALUES(23,'delete_cliente','web','2025-10-01 01:42:02','2025-10-01 01:42:02');
INSERT INTO permissions VALUES(24,'delete_any_cliente','web','2025-10-01 01:42:02','2025-10-01 01:42:02');
INSERT INTO permissions VALUES(25,'view_permission','web','2025-10-01 01:42:02','2025-10-01 01:42:02');
INSERT INTO permissions VALUES(26,'view_any_permission','web','2025-10-01 01:42:02','2025-10-01 01:42:02');
INSERT INTO permissions VALUES(27,'create_permission','web','2025-10-01 01:42:02','2025-10-01 01:42:02');
INSERT INTO permissions VALUES(28,'update_permission','web','2025-10-01 01:42:02','2025-10-01 01:42:02');
INSERT INTO permissions VALUES(29,'delete_permission','web','2025-10-01 01:42:02','2025-10-01 01:42:02');
INSERT INTO permissions VALUES(30,'delete_any_permission','web','2025-10-01 01:42:02','2025-10-01 01:42:02');
INSERT INTO permissions VALUES(31,'view_role','web','2025-10-01 01:42:02','2025-10-01 01:42:02');
INSERT INTO permissions VALUES(32,'view_any_role','web','2025-10-01 01:42:02','2025-10-01 01:42:02');
INSERT INTO permissions VALUES(33,'create_role','web','2025-10-01 01:42:02','2025-10-01 01:42:02');
INSERT INTO permissions VALUES(34,'update_role','web','2025-10-01 01:42:02','2025-10-01 01:42:02');
INSERT INTO permissions VALUES(35,'delete_role','web','2025-10-01 01:42:02','2025-10-01 01:42:02');
INSERT INTO permissions VALUES(36,'delete_any_role','web','2025-10-01 01:42:02','2025-10-01 01:42:02');
INSERT INTO permissions VALUES(37,'view_sesion_caja','web','2025-10-01 01:42:02','2025-10-01 01:42:02');
INSERT INTO permissions VALUES(38,'view_any_sesion_caja','web','2025-10-01 01:42:02','2025-10-01 01:42:02');
INSERT INTO permissions VALUES(39,'create_sesion_caja','web','2025-10-01 01:42:02','2025-10-01 01:42:02');
INSERT INTO permissions VALUES(40,'update_sesion_caja','web','2025-10-01 01:42:02','2025-10-01 01:42:02');
INSERT INTO permissions VALUES(41,'delete_sesion_caja','web','2025-10-01 01:42:02','2025-10-01 01:42:02');
INSERT INTO permissions VALUES(42,'delete_any_sesion_caja','web','2025-10-01 01:42:02','2025-10-01 01:42:02');
INSERT INTO permissions VALUES(43,'view_suppliers','web','2025-10-01 01:42:02','2025-10-01 01:42:02');
INSERT INTO permissions VALUES(44,'view_any_suppliers','web','2025-10-01 01:42:02','2025-10-01 01:42:02');
INSERT INTO permissions VALUES(45,'create_suppliers','web','2025-10-01 01:42:02','2025-10-01 01:42:02');
INSERT INTO permissions VALUES(46,'update_suppliers','web','2025-10-01 01:42:02','2025-10-01 01:42:02');
INSERT INTO permissions VALUES(47,'delete_suppliers','web','2025-10-01 01:42:02','2025-10-01 01:42:02');
INSERT INTO permissions VALUES(48,'delete_any_suppliers','web','2025-10-01 01:42:02','2025-10-01 01:42:02');
INSERT INTO permissions VALUES(49,'view_user','web','2025-10-01 01:42:02','2025-10-01 01:42:02');
INSERT INTO permissions VALUES(50,'view_any_user','web','2025-10-01 01:42:02','2025-10-01 01:42:02');
INSERT INTO permissions VALUES(51,'create_user','web','2025-10-01 01:42:02','2025-10-01 01:42:02');
INSERT INTO permissions VALUES(52,'update_user','web','2025-10-01 01:42:02','2025-10-01 01:42:02');
INSERT INTO permissions VALUES(53,'delete_user','web','2025-10-01 01:42:02','2025-10-01 01:42:02');
INSERT INTO permissions VALUES(54,'delete_any_user','web','2025-10-01 01:42:02','2025-10-01 01:42:02');
INSERT INTO permissions VALUES(55,'view_venta','web','2025-10-01 01:42:02','2025-10-01 01:42:02');
INSERT INTO permissions VALUES(56,'view_any_venta','web','2025-10-01 01:42:02','2025-10-01 01:42:02');
INSERT INTO permissions VALUES(57,'create_venta','web','2025-10-01 01:42:02','2025-10-01 01:42:02');
INSERT INTO permissions VALUES(58,'update_venta','web','2025-10-01 01:42:02','2025-10-01 01:42:02');
INSERT INTO permissions VALUES(59,'delete_venta','web','2025-10-01 01:42:02','2025-10-01 01:42:02');
INSERT INTO permissions VALUES(60,'delete_any_venta','web','2025-10-01 01:42:02','2025-10-01 01:42:02');
INSERT INTO permissions VALUES(61,'change_bodega','web','2025-10-01 01:42:02','2025-10-01 01:42:02');
CREATE TABLE IF NOT EXISTS "roles" ("id" integer primary key autoincrement not null, "name" varchar not null, "guard_name" varchar not null, "created_at" datetime, "updated_at" datetime);
INSERT INTO roles VALUES(1,'admin','web','2025-10-01 01:42:02','2025-10-01 01:42:02');
CREATE TABLE IF NOT EXISTS "model_has_permissions" ("permission_id" integer not null, "model_type" varchar not null, "model_id" integer not null, foreign key("permission_id") references "permissions"("id") on delete cascade, primary key ("permission_id", "model_id", "model_type"));
CREATE TABLE IF NOT EXISTS "model_has_roles" ("role_id" integer not null, "model_type" varchar not null, "model_id" integer not null, foreign key("role_id") references "roles"("id") on delete cascade, primary key ("role_id", "model_id", "model_type"));
INSERT INTO model_has_roles VALUES(1,'App\Models\User',1);
INSERT INTO model_has_roles VALUES(1,'App\Models\User',2);
CREATE TABLE IF NOT EXISTS "role_has_permissions" ("permission_id" integer not null, "role_id" integer not null, foreign key("permission_id") references "permissions"("id") on delete cascade, foreign key("role_id") references "roles"("id") on delete cascade, primary key ("permission_id", "role_id"));
INSERT INTO role_has_permissions VALUES(1,1);
INSERT INTO role_has_permissions VALUES(2,1);
INSERT INTO role_has_permissions VALUES(3,1);
INSERT INTO role_has_permissions VALUES(4,1);
INSERT INTO role_has_permissions VALUES(5,1);
INSERT INTO role_has_permissions VALUES(6,1);
INSERT INTO role_has_permissions VALUES(7,1);
INSERT INTO role_has_permissions VALUES(8,1);
INSERT INTO role_has_permissions VALUES(9,1);
INSERT INTO role_has_permissions VALUES(10,1);
INSERT INTO role_has_permissions VALUES(11,1);
INSERT INTO role_has_permissions VALUES(12,1);
INSERT INTO role_has_permissions VALUES(13,1);
INSERT INTO role_has_permissions VALUES(14,1);
INSERT INTO role_has_permissions VALUES(15,1);
INSERT INTO role_has_permissions VALUES(16,1);
INSERT INTO role_has_permissions VALUES(17,1);
INSERT INTO role_has_permissions VALUES(18,1);
INSERT INTO role_has_permissions VALUES(19,1);
INSERT INTO role_has_permissions VALUES(20,1);
INSERT INTO role_has_permissions VALUES(21,1);
INSERT INTO role_has_permissions VALUES(22,1);
INSERT INTO role_has_permissions VALUES(23,1);
INSERT INTO role_has_permissions VALUES(24,1);
INSERT INTO role_has_permissions VALUES(25,1);
INSERT INTO role_has_permissions VALUES(26,1);
INSERT INTO role_has_permissions VALUES(27,1);
INSERT INTO role_has_permissions VALUES(28,1);
INSERT INTO role_has_permissions VALUES(29,1);
INSERT INTO role_has_permissions VALUES(30,1);
INSERT INTO role_has_permissions VALUES(31,1);
INSERT INTO role_has_permissions VALUES(32,1);
INSERT INTO role_has_permissions VALUES(33,1);
INSERT INTO role_has_permissions VALUES(34,1);
INSERT INTO role_has_permissions VALUES(35,1);
INSERT INTO role_has_permissions VALUES(36,1);
INSERT INTO role_has_permissions VALUES(37,1);
INSERT INTO role_has_permissions VALUES(38,1);
INSERT INTO role_has_permissions VALUES(39,1);
INSERT INTO role_has_permissions VALUES(40,1);
INSERT INTO role_has_permissions VALUES(41,1);
INSERT INTO role_has_permissions VALUES(42,1);
INSERT INTO role_has_permissions VALUES(43,1);
INSERT INTO role_has_permissions VALUES(44,1);
INSERT INTO role_has_permissions VALUES(45,1);
INSERT INTO role_has_permissions VALUES(46,1);
INSERT INTO role_has_permissions VALUES(47,1);
INSERT INTO role_has_permissions VALUES(48,1);
INSERT INTO role_has_permissions VALUES(49,1);
INSERT INTO role_has_permissions VALUES(50,1);
INSERT INTO role_has_permissions VALUES(51,1);
INSERT INTO role_has_permissions VALUES(52,1);
INSERT INTO role_has_permissions VALUES(53,1);
INSERT INTO role_has_permissions VALUES(54,1);
INSERT INTO role_has_permissions VALUES(55,1);
INSERT INTO role_has_permissions VALUES(56,1);
INSERT INTO role_has_permissions VALUES(57,1);
INSERT INTO role_has_permissions VALUES(58,1);
INSERT INTO role_has_permissions VALUES(59,1);
INSERT INTO role_has_permissions VALUES(60,1);
INSERT INTO role_has_permissions VALUES(61,1);
CREATE TABLE IF NOT EXISTS "suppliers" ("id" integer primary key autoincrement not null, "name" varchar not null, "responsible" varchar, "email" varchar, "phone" varchar, "address" varchar, "created_at" datetime, "updated_at" datetime);
CREATE TABLE IF NOT EXISTS "bodegas" ("id" integer primary key autoincrement not null, "nombre" varchar not null, "direccion" varchar, "tipo" varchar check ("tipo" in ('almacen', 'fabrica')) not null default 'almacen', "encargado_id" integer, "created_at" datetime, "updated_at" datetime, foreign key("encargado_id") references "users"("id") on delete set null);
CREATE TABLE IF NOT EXISTS "movimiento_inventarios" ("id" integer primary key autoincrement not null, "bodega_id" integer not null, "articles_id" integer not null, "cantidad" integer not null, "tipo" varchar not null, "estado" varchar not null default 'pendiente_confirmacion', "observaciones" text, "creado_por_id" integer, "confirmado_por_id" integer, "confirmado_en" datetime, "created_at" datetime, "updated_at" datetime, foreign key("bodega_id") references "bodegas"("id") on delete cascade, foreign key("articles_id") references "articles"("id") on delete cascade, foreign key("creado_por_id") references "users"("id") on delete set null, foreign key("confirmado_por_id") references "users"("id") on delete set null);
CREATE TABLE IF NOT EXISTS "variantes" ("id" integer primary key autoincrement not null, "article_id" integer not null, "medida" varchar, "color" varchar, "material" varchar, "calidad" varchar, "created_at" datetime, "updated_at" datetime, foreign key("article_id") references "articles"("id") on delete cascade);
CREATE TABLE IF NOT EXISTS "bodega_user" ("id" integer primary key autoincrement not null, "bodega_id" integer not null, "user_id" integer not null, "created_at" datetime, "updated_at" datetime, foreign key("bodega_id") references "bodegas"("id") on delete cascade, foreign key("user_id") references "users"("id") on delete cascade);
CREATE TABLE IF NOT EXISTS "users" ("id" integer primary key autoincrement not null, "name" varchar not null, "email" varchar not null, "email_verified_at" datetime, "password" varchar not null, "remember_token" varchar, "created_at" datetime, "updated_at" datetime, "telefono" varchar, "documento_identidad" varchar, "tipo_documento" varchar default ('CC'), "fecha_nacimiento" date, "genero" varchar, "direccion" varchar, "ciudad" varchar, "cargo" varchar, "estado" tinyint(1) not null default ('1'), "bodega_id" integer, "active_bodega_id" integer, foreign key("bodega_id") references bodegas("id") on delete set null on update no action, foreign key("active_bodega_id") references "bodegas"("id"));
INSERT INTO users VALUES(2,'admin','admin@hollywood.com',NULL,'$2y$12$JKLtLBr..biJeWsTdAFy4es9DUGGxmlHaXVkt.MJ7R649iHessRkK',NULL,'2025-10-01 01:48:02','2025-10-01 01:48:02',NULL,NULL,'CC',NULL,NULL,NULL,NULL,NULL,1,NULL,NULL);
CREATE TABLE IF NOT EXISTS "articles" ("id" integer primary key autoincrement not null, "nombre" varchar not null, "tipo" varchar not null, "codigo" varchar, "descripcion" text, "precio" numeric, "unidad_medida" varchar, "imagen" varchar, "estado" tinyint(1) not null default ('1'), "temporada" varchar, "proveedor_id" integer, "created_at" datetime, "updated_at" datetime, "bodega_id" integer, "fecha_caducidad" datetime, "tipo_detalle" varchar, foreign key("proveedor_id") references suppliers("id") on delete cascade on update no action, foreign key("bodega_id") references "bodegas"("id") on delete set null);
CREATE TABLE IF NOT EXISTS "clientes" ("id" integer primary key autoincrement not null, "nombre" varchar not null, "documento_identidad" varchar, "telefono" varchar, "email" varchar, "tiene_credito" tinyint(1) not null default '0', "limite_credito" numeric not null default '0', "user_id" integer, "created_at" datetime, "updated_at" datetime, foreign key("user_id") references "users"("id") on delete set null);
CREATE TABLE IF NOT EXISTS "cajas" ("id" integer primary key autoincrement not null, "nombre" varchar not null, "bodega_id" integer not null, "activa" tinyint(1) not null default '1', "created_at" datetime, "updated_at" datetime, foreign key("bodega_id") references "bodegas"("id"));
CREATE TABLE IF NOT EXISTS "sesion_cajas" ("id" integer primary key autoincrement not null, "caja_id" integer not null, "user_id" integer not null, "monto_inicial" numeric not null, "monto_final_calculado" numeric, "monto_final_contado" numeric, "diferencia" numeric, "fecha_apertura" datetime not null, "fecha_cierre" datetime, "estado" varchar check ("estado" in ('abierta', 'cerrada', 'pendiente_aprobacion', 'aprobada')) not null default 'abierta', "aprobado_por_id" integer, "notas_cierre" text, "created_at" datetime, "updated_at" datetime, foreign key("caja_id") references "cajas"("id"), foreign key("user_id") references "users"("id"), foreign key("aprobado_por_id") references "users"("id"));
CREATE TABLE IF NOT EXISTS "ventas" ("id" integer primary key autoincrement not null, "user_id" integer not null, "bodega_id" integer not null, "cliente_id" integer, "sesion_caja_id" integer not null, "subtotal" numeric not null, "descuento" numeric not null default '0', "total" numeric not null, "metodo_pago" varchar check ("metodo_pago" in ('efectivo', 'transferencia', 'tarjeta', 'credito')) not null, "estado" varchar check ("estado" in ('completada', 'anulada')) not null default 'completada', "created_at" datetime, "updated_at" datetime, foreign key("user_id") references "users"("id"), foreign key("bodega_id") references "bodegas"("id"), foreign key("cliente_id") references "clientes"("id"), foreign key("sesion_caja_id") references "sesion_cajas"("id"));
CREATE TABLE IF NOT EXISTS "venta_detalles" ("id" integer primary key autoincrement not null, "venta_id" integer not null, "article_id" integer not null, "cantidad" integer not null, "precio_unitario" numeric not null, "descuento_item" numeric not null default '0', "subtotal_item" numeric not null, "created_at" datetime, "updated_at" datetime, foreign key("venta_id") references "ventas"("id") on delete cascade, foreign key("article_id") references "articles"("id"));
CREATE TABLE IF NOT EXISTS "bodega_article" ("id" integer primary key autoincrement not null, "bodega_id" integer not null, "article_id" integer not null, "stock" integer not null default '0', "created_at" datetime, "updated_at" datetime, foreign key("bodega_id") references "bodegas"("id") on delete cascade, foreign key("article_id") references "articles"("id") on delete cascade);
DELETE FROM sqlite_sequence;
INSERT INTO sqlite_sequence VALUES('migrations',22);
INSERT INTO sqlite_sequence VALUES('users',2);
INSERT INTO sqlite_sequence VALUES('articles',0);
INSERT INTO sqlite_sequence VALUES('permissions',61);
INSERT INTO sqlite_sequence VALUES('roles',1);
CREATE INDEX "sessions_user_id_index" on "sessions" ("user_id");
CREATE INDEX "sessions_last_activity_index" on "sessions" ("last_activity");
CREATE INDEX "jobs_queue_index" on "jobs" ("queue");
CREATE UNIQUE INDEX "failed_jobs_uuid_unique" on "failed_jobs" ("uuid");
CREATE UNIQUE INDEX "permissions_name_guard_name_unique" on "permissions" ("name", "guard_name");
CREATE UNIQUE INDEX "roles_name_guard_name_unique" on "roles" ("name", "guard_name");
CREATE INDEX "model_has_permissions_model_id_model_type_index" on "model_has_permissions" ("model_id", "model_type");
CREATE INDEX "model_has_roles_model_id_model_type_index" on "model_has_roles" ("model_id", "model_type");
CREATE UNIQUE INDEX "bodegas_nombre_unique" on "bodegas" ("nombre");
CREATE UNIQUE INDEX "users_documento_identidad_unique" on "users" ("documento_identidad");
CREATE UNIQUE INDEX "users_email_unique" on "users" ("email");
CREATE UNIQUE INDEX "clientes_documento_identidad_unique" on "clientes" ("documento_identidad");
CREATE UNIQUE INDEX "clientes_email_unique" on "clientes" ("email");
CREATE UNIQUE INDEX "clientes_user_id_unique" on "clientes" ("user_id");
COMMIT;
