PRAGMA foreign_keys=OFF;
BEGIN TRANSACTION;
CREATE TABLE IF NOT EXISTS "migrations" ("id" integer primary key autoincrement not null, "migration" varchar not null, "batch" integer not null);
INSERT INTO migrations VALUES(1,'0001_01_01_000000_create_users_table',1);
INSERT INTO migrations VALUES(2,'0001_01_01_000001_create_cache_table',1);
INSERT INTO migrations VALUES(3,'0001_01_01_000002_create_jobs_table',1);
INSERT INTO migrations VALUES(4,'2025_08_03_151916_create_permission_tables',1);
INSERT INTO migrations VALUES(5,'2025_08_07_134519_add_user_table',1);
INSERT INTO migrations VALUES(6,'2025_08_24_124424_create_suppliers_table',1);
INSERT INTO migrations VALUES(7,'2025_08_24_203156_create_articles_table',1);
INSERT INTO migrations VALUES(8,'2025_08_28_160455_create_bodegas_table',1);
INSERT INTO migrations VALUES(9,'2025_08_28_162331_add_bodega_id_to_users_table',1);
INSERT INTO migrations VALUES(10,'2025_08_28_211133_create_movimiento_inventarios_table',1);
INSERT INTO migrations VALUES(11,'2025_08_31_131912_create_variantes_table',1);
INSERT INTO migrations VALUES(12,'2025_09_02_010306_create_bodega_user_table',1);
INSERT INTO migrations VALUES(13,'2025_09_02_010904_add_active_bodega_to_users_table',1);
INSERT INTO migrations VALUES(14,'2025_09_07_145719_add_bodega_id_to_articles_table',1);
INSERT INTO migrations VALUES(15,'2025_09_08_193236_create_clientes_table',1);
INSERT INTO migrations VALUES(16,'2025_09_08_193313_create_cajas_table',1);
INSERT INTO migrations VALUES(17,'2025_09_08_193401_create_sesion_cajas_table',1);
INSERT INTO migrations VALUES(18,'2025_09_08_193402_create_ventas_table',1);
INSERT INTO migrations VALUES(19,'2025_09_08_193403_create_venta_detalles_table',1);
INSERT INTO migrations VALUES(20,'2025_09_09_200057_create_bodega_article_table',1);
INSERT INTO migrations VALUES(21,'2025_09_10_130223_add_fecha_caducidad_to_articles_table',1);
INSERT INTO migrations VALUES(22,'2025_09_21_132959_add_tipo_detalle_to_articles_table',1);
INSERT INTO migrations VALUES(23,'2025_09_26_225127_create_insumos_table',1);
INSERT INTO migrations VALUES(24,'2025_09_26_225128_create_recetas_table',1);
INSERT INTO migrations VALUES(25,'2025_09_26_230736_create_receta_detalles_table',1);
INSERT INTO migrations VALUES(26,'2025_09_28_164632_add_cantidad_total_to_articles_table',1);
INSERT INTO migrations VALUES(27,'2025_10_05_234134_create_compras_table',1);
INSERT INTO migrations VALUES(28,'2025_10_05_234944_create_compra_detalles_table',1);
INSERT INTO migrations VALUES(29,'2025_10_08_125041_create_personal_access_tokens_table',2);
INSERT INTO migrations VALUES(30,'2025_10_14_231903_add_payment_method_totals_to_sesion_cajas_table',3);
INSERT INTO migrations VALUES(31,'2025_10_15_000420_add_location_fields_to_clientes_table',4);
INSERT INTO migrations VALUES(32,'2025_10_15_010329_add_dias_credito_to_clientes_table',5);
CREATE TABLE IF NOT EXISTS "password_reset_tokens" ("email" varchar not null, "token" varchar not null, "created_at" datetime, primary key ("email"));
CREATE TABLE IF NOT EXISTS "sessions" ("id" varchar not null, "user_id" integer, "ip_address" varchar, "user_agent" text, "payload" text not null, "last_activity" integer not null, primary key ("id"));
INSERT INTO sessions VALUES('IeZstjQMnM6Np2ME0SzvYQ7NkAdLRU0QycF7OHgu',1,'::1','Mozilla/5.0 (Macintosh; Intel Mac OS X 10_15_7) AppleWebKit/537.36 (KHTML, like Gecko) Chrome/141.0.0.0 Safari/537.36','YTo2OntzOjY6Il90b2tlbiI7czo0MDoiMHAxSmhDWDBKQ2RHVmh3UU1PVTFUdWFDaW45ejBZclVsdWlXeVpmYiI7czo2OiJfZmxhc2giO2E6Mjp7czozOiJvbGQiO2E6MDp7fXM6MzoibmV3IjthOjA6e319czo5OiJfcHJldmlvdXMiO2E6MTp7czozOiJ1cmwiO3M6MzY6Imh0dHA6Ly9sb2NhbGhvc3Q6ODAwMC9hZG1pbi9jbGllbnRlcyI7fXM6NTA6ImxvZ2luX3dlYl81OWJhMzZhZGRjMmIyZjk0MDE1ODBmMDE0YzdmNThlYTRlMzA5ODlkIjtpOjE7czoxNzoicGFzc3dvcmRfaGFzaF93ZWIiO3M6NjA6IiQyeSQxMiR5TS5aeVVpUEkueEJvaGZrSTZVNWplVVhlYUVXTmw4alcxVXkuWEMuai5ZVExPREZrbENqQyI7czo4OiJmaWxhbWVudCI7YTowOnt9fQ==',1760491532);
CREATE TABLE IF NOT EXISTS "cache" ("key" varchar not null, "value" text not null, "expiration" integer not null, primary key ("key"));
INSERT INTO cache VALUES('laravel-cache-spatie.permission.cache','a:3:{s:5:"alias";a:4:{s:1:"a";s:2:"id";s:1:"b";s:4:"name";s:1:"c";s:10:"guard_name";s:1:"r";s:5:"roles";}s:11:"permissions";a:79:{i:0;a:4:{s:1:"a";i:1;s:1:"b";s:12:"view_article";s:1:"c";s:3:"web";s:1:"r";a:4:{i:0;i:1;i:1;i:2;i:2;i:3;i:3;i:4;}}i:1;a:4:{s:1:"a";i:2;s:1:"b";s:16:"view_any_article";s:1:"c";s:3:"web";s:1:"r";a:3:{i:0;i:1;i:1;i:2;i:2;i:3;}}i:2;a:4:{s:1:"a";i:3;s:1:"b";s:14:"create_article";s:1:"c";s:3:"web";s:1:"r";a:3:{i:0;i:1;i:1;i:3;i:2;i:4;}}i:3;a:4:{s:1:"a";i:4;s:1:"b";s:14:"update_article";s:1:"c";s:3:"web";s:1:"r";a:2:{i:0;i:1;i:1;i:3;}}i:4;a:4:{s:1:"a";i:5;s:1:"b";s:14:"delete_article";s:1:"c";s:3:"web";s:1:"r";a:2:{i:0;i:1;i:1;i:3;}}i:5;a:4:{s:1:"a";i:6;s:1:"b";s:18:"delete_any_article";s:1:"c";s:3:"web";s:1:"r";a:1:{i:0;i:1;}}i:6;a:4:{s:1:"a";i:7;s:1:"b";s:11:"view_bodega";s:1:"c";s:3:"web";s:1:"r";a:4:{i:0;i:1;i:1;i:2;i:2;i:3;i:3;i:4;}}i:7;a:4:{s:1:"a";i:8;s:1:"b";s:15:"view_any_bodega";s:1:"c";s:3:"web";s:1:"r";a:4:{i:0;i:1;i:1;i:2;i:2;i:3;i:3;i:4;}}i:8;a:4:{s:1:"a";i:9;s:1:"b";s:13:"create_bodega";s:1:"c";s:3:"web";s:1:"r";a:1:{i:0;i:1;}}i:9;a:4:{s:1:"a";i:10;s:1:"b";s:13:"update_bodega";s:1:"c";s:3:"web";s:1:"r";a:2:{i:0;i:1;i:1;i:3;}}i:10;a:4:{s:1:"a";i:11;s:1:"b";s:13:"delete_bodega";s:1:"c";s:3:"web";s:1:"r";a:2:{i:0;i:1;i:1;i:3;}}i:11;a:4:{s:1:"a";i:12;s:1:"b";s:17:"delete_any_bodega";s:1:"c";s:3:"web";s:1:"r";a:2:{i:0;i:1;i:1;i:3;}}i:12;a:4:{s:1:"a";i:13;s:1:"b";s:9:"view_caja";s:1:"c";s:3:"web";s:1:"r";a:2:{i:0;i:1;i:1;i:2;}}i:13;a:4:{s:1:"a";i:14;s:1:"b";s:13:"view_any_caja";s:1:"c";s:3:"web";s:1:"r";a:2:{i:0;i:1;i:1;i:2;}}i:14;a:4:{s:1:"a";i:15;s:1:"b";s:11:"create_caja";s:1:"c";s:3:"web";s:1:"r";a:2:{i:0;i:1;i:1;i:2;}}i:15;a:4:{s:1:"a";i:16;s:1:"b";s:11:"update_caja";s:1:"c";s:3:"web";s:1:"r";a:1:{i:0;i:1;}}i:16;a:4:{s:1:"a";i:17;s:1:"b";s:11:"delete_caja";s:1:"c";s:3:"web";s:1:"r";a:1:{i:0;i:1;}}i:17;a:4:{s:1:"a";i:18;s:1:"b";s:15:"delete_any_caja";s:1:"c";s:3:"web";s:1:"r";a:1:{i:0;i:1;}}i:18;a:4:{s:1:"a";i:19;s:1:"b";s:12:"view_cliente";s:1:"c";s:3:"web";s:1:"r";a:2:{i:0;i:1;i:1;i:2;}}i:19;a:4:{s:1:"a";i:20;s:1:"b";s:16:"view_any_cliente";s:1:"c";s:3:"web";s:1:"r";a:2:{i:0;i:1;i:1;i:2;}}i:20;a:4:{s:1:"a";i:21;s:1:"b";s:14:"create_cliente";s:1:"c";s:3:"web";s:1:"r";a:1:{i:0;i:1;}}i:21;a:4:{s:1:"a";i:22;s:1:"b";s:14:"update_cliente";s:1:"c";s:3:"web";s:1:"r";a:1:{i:0;i:1;}}i:22;a:4:{s:1:"a";i:23;s:1:"b";s:14:"delete_cliente";s:1:"c";s:3:"web";s:1:"r";a:1:{i:0;i:1;}}i:23;a:4:{s:1:"a";i:24;s:1:"b";s:18:"delete_any_cliente";s:1:"c";s:3:"web";s:1:"r";a:1:{i:0;i:1;}}i:24;a:4:{s:1:"a";i:25;s:1:"b";s:11:"view_compra";s:1:"c";s:3:"web";s:1:"r";a:1:{i:0;i:1;}}i:25;a:4:{s:1:"a";i:26;s:1:"b";s:15:"view_any_compra";s:1:"c";s:3:"web";s:1:"r";a:1:{i:0;i:1;}}i:26;a:4:{s:1:"a";i:27;s:1:"b";s:13:"create_compra";s:1:"c";s:3:"web";s:1:"r";a:2:{i:0;i:1;i:1;i:2;}}i:27;a:4:{s:1:"a";i:28;s:1:"b";s:13:"update_compra";s:1:"c";s:3:"web";s:1:"r";a:1:{i:0;i:1;}}i:28;a:4:{s:1:"a";i:29;s:1:"b";s:13:"delete_compra";s:1:"c";s:3:"web";s:1:"r";a:1:{i:0;i:1;}}i:29;a:4:{s:1:"a";i:30;s:1:"b";s:17:"delete_any_compra";s:1:"c";s:3:"web";s:1:"r";a:1:{i:0;i:1;}}i:30;a:4:{s:1:"a";i:31;s:1:"b";s:11:"view_insumo";s:1:"c";s:3:"web";s:1:"r";a:1:{i:0;i:1;}}i:31;a:4:{s:1:"a";i:32;s:1:"b";s:15:"view_any_insumo";s:1:"c";s:3:"web";s:1:"r";a:1:{i:0;i:1;}}i:32;a:4:{s:1:"a";i:33;s:1:"b";s:13:"create_insumo";s:1:"c";s:3:"web";s:1:"r";a:1:{i:0;i:1;}}i:33;a:4:{s:1:"a";i:34;s:1:"b";s:13:"update_insumo";s:1:"c";s:3:"web";s:1:"r";a:1:{i:0;i:1;}}i:34;a:4:{s:1:"a";i:35;s:1:"b";s:13:"delete_insumo";s:1:"c";s:3:"web";s:1:"r";a:1:{i:0;i:1;}}i:35;a:4:{s:1:"a";i:36;s:1:"b";s:17:"delete_any_insumo";s:1:"c";s:3:"web";s:1:"r";a:1:{i:0;i:1;}}i:36;a:4:{s:1:"a";i:37;s:1:"b";s:15:"view_permission";s:1:"c";s:3:"web";s:1:"r";a:1:{i:0;i:1;}}i:37;a:4:{s:1:"a";i:38;s:1:"b";s:19:"view_any_permission";s:1:"c";s:3:"web";s:1:"r";a:1:{i:0;i:1;}}i:38;a:4:{s:1:"a";i:39;s:1:"b";s:17:"create_permission";s:1:"c";s:3:"web";s:1:"r";a:1:{i:0;i:1;}}i:39;a:4:{s:1:"a";i:40;s:1:"b";s:17:"update_permission";s:1:"c";s:3:"web";s:1:"r";a:1:{i:0;i:1;}}i:40;a:4:{s:1:"a";i:41;s:1:"b";s:17:"delete_permission";s:1:"c";s:3:"web";s:1:"r";a:1:{i:0;i:1;}}i:41;a:4:{s:1:"a";i:42;s:1:"b";s:21:"delete_any_permission";s:1:"c";s:3:"web";s:1:"r";a:1:{i:0;i:1;}}i:42;a:4:{s:1:"a";i:43;s:1:"b";s:12:"view_recetas";s:1:"c";s:3:"web";s:1:"r";a:1:{i:0;i:1;}}i:43;a:4:{s:1:"a";i:44;s:1:"b";s:16:"view_any_recetas";s:1:"c";s:3:"web";s:1:"r";a:1:{i:0;i:1;}}i:44;a:4:{s:1:"a";i:45;s:1:"b";s:14:"create_recetas";s:1:"c";s:3:"web";s:1:"r";a:1:{i:0;i:1;}}i:45;a:4:{s:1:"a";i:46;s:1:"b";s:14:"update_recetas";s:1:"c";s:3:"web";s:1:"r";a:1:{i:0;i:1;}}i:46;a:4:{s:1:"a";i:47;s:1:"b";s:14:"delete_recetas";s:1:"c";s:3:"web";s:1:"r";a:1:{i:0;i:1;}}i:47;a:4:{s:1:"a";i:48;s:1:"b";s:18:"delete_any_recetas";s:1:"c";s:3:"web";s:1:"r";a:1:{i:0;i:1;}}i:48;a:4:{s:1:"a";i:49;s:1:"b";s:9:"view_role";s:1:"c";s:3:"web";s:1:"r";a:1:{i:0;i:1;}}i:49;a:4:{s:1:"a";i:50;s:1:"b";s:13:"view_any_role";s:1:"c";s:3:"web";s:1:"r";a:1:{i:0;i:1;}}i:50;a:4:{s:1:"a";i:51;s:1:"b";s:11:"create_role";s:1:"c";s:3:"web";s:1:"r";a:1:{i:0;i:1;}}i:51;a:4:{s:1:"a";i:52;s:1:"b";s:11:"update_role";s:1:"c";s:3:"web";s:1:"r";a:1:{i:0;i:1;}}i:52;a:4:{s:1:"a";i:53;s:1:"b";s:11:"delete_role";s:1:"c";s:3:"web";s:1:"r";a:1:{i:0;i:1;}}i:53;a:4:{s:1:"a";i:54;s:1:"b";s:15:"delete_any_role";s:1:"c";s:3:"web";s:1:"r";a:1:{i:0;i:1;}}i:54;a:4:{s:1:"a";i:55;s:1:"b";s:16:"view_sesion_caja";s:1:"c";s:3:"web";s:1:"r";a:1:{i:0;i:1;}}i:55;a:4:{s:1:"a";i:56;s:1:"b";s:20:"view_any_sesion_caja";s:1:"c";s:3:"web";s:1:"r";a:1:{i:0;i:1;}}i:56;a:4:{s:1:"a";i:57;s:1:"b";s:18:"create_sesion_caja";s:1:"c";s:3:"web";s:1:"r";a:2:{i:0;i:1;i:1;i:2;}}i:57;a:4:{s:1:"a";i:58;s:1:"b";s:18:"update_sesion_caja";s:1:"c";s:3:"web";s:1:"r";a:1:{i:0;i:1;}}i:58;a:4:{s:1:"a";i:59;s:1:"b";s:18:"delete_sesion_caja";s:1:"c";s:3:"web";s:1:"r";a:1:{i:0;i:1;}}i:59;a:4:{s:1:"a";i:60;s:1:"b";s:22:"delete_any_sesion_caja";s:1:"c";s:3:"web";s:1:"r";a:1:{i:0;i:1;}}i:60;a:4:{s:1:"a";i:61;s:1:"b";s:14:"view_suppliers";s:1:"c";s:3:"web";s:1:"r";a:1:{i:0;i:1;}}i:61;a:4:{s:1:"a";i:62;s:1:"b";s:18:"view_any_suppliers";s:1:"c";s:3:"web";s:1:"r";a:1:{i:0;i:1;}}i:62;a:4:{s:1:"a";i:63;s:1:"b";s:16:"create_suppliers";s:1:"c";s:3:"web";s:1:"r";a:1:{i:0;i:1;}}i:63;a:4:{s:1:"a";i:64;s:1:"b";s:16:"update_suppliers";s:1:"c";s:3:"web";s:1:"r";a:1:{i:0;i:1;}}i:64;a:4:{s:1:"a";i:65;s:1:"b";s:16:"delete_suppliers";s:1:"c";s:3:"web";s:1:"r";a:1:{i:0;i:1;}}i:65;a:4:{s:1:"a";i:66;s:1:"b";s:20:"delete_any_suppliers";s:1:"c";s:3:"web";s:1:"r";a:1:{i:0;i:1;}}i:66;a:4:{s:1:"a";i:67;s:1:"b";s:9:"view_user";s:1:"c";s:3:"web";s:1:"r";a:1:{i:0;i:1;}}i:67;a:4:{s:1:"a";i:68;s:1:"b";s:13:"view_any_user";s:1:"c";s:3:"web";s:1:"r";a:1:{i:0;i:1;}}i:68;a:4:{s:1:"a";i:69;s:1:"b";s:11:"create_user";s:1:"c";s:3:"web";s:1:"r";a:1:{i:0;i:1;}}i:69;a:4:{s:1:"a";i:70;s:1:"b";s:11:"update_user";s:1:"c";s:3:"web";s:1:"r";a:1:{i:0;i:1;}}i:70;a:4:{s:1:"a";i:71;s:1:"b";s:11:"delete_user";s:1:"c";s:3:"web";s:1:"r";a:1:{i:0;i:1;}}i:71;a:4:{s:1:"a";i:72;s:1:"b";s:15:"delete_any_user";s:1:"c";s:3:"web";s:1:"r";a:1:{i:0;i:1;}}i:72;a:4:{s:1:"a";i:73;s:1:"b";s:10:"view_venta";s:1:"c";s:3:"web";s:1:"r";a:1:{i:0;i:1;}}i:73;a:4:{s:1:"a";i:74;s:1:"b";s:14:"view_any_venta";s:1:"c";s:3:"web";s:1:"r";a:1:{i:0;i:1;}}i:74;a:4:{s:1:"a";i:75;s:1:"b";s:12:"create_venta";s:1:"c";s:3:"web";s:1:"r";a:1:{i:0;i:1;}}i:75;a:4:{s:1:"a";i:76;s:1:"b";s:12:"update_venta";s:1:"c";s:3:"web";s:1:"r";a:1:{i:0;i:1;}}i:76;a:4:{s:1:"a";i:77;s:1:"b";s:12:"delete_venta";s:1:"c";s:3:"web";s:1:"r";a:1:{i:0;i:1;}}i:77;a:4:{s:1:"a";i:78;s:1:"b";s:16:"delete_any_venta";s:1:"c";s:3:"web";s:1:"r";a:1:{i:0;i:1;}}i:78;a:4:{s:1:"a";i:79;s:1:"b";s:13:"change_bodega";s:1:"c";s:3:"web";s:1:"r";a:1:{i:0;i:1;}}}s:5:"roles";a:4:{i:0;a:3:{s:1:"a";i:1;s:1:"b";s:5:"admin";s:1:"c";s:3:"web";}i:1;a:3:{s:1:"a";i:2;s:1:"b";s:8:"Vendedor";s:1:"c";s:3:"web";}i:2;a:3:{s:1:"a";i:3;s:1:"b";s:13:"Administrador";s:1:"c";s:3:"web";}i:3;a:3:{s:1:"a";i:4;s:1:"b";s:10:"Supervisor";s:1:"c";s:3:"web";}}}',1760577081);
INSERT INTO cache VALUES('laravel-cache-colombia_data','TzoyOToiSWxsdW1pbmF0ZVxTdXBwb3J0XENvbGxlY3Rpb24iOjI6e3M6ODoiACoAaXRlbXMiO2E6MzI6e2k6MDthOjM6e3M6MjoiaWQiO2k6MDtzOjEyOiJkZXBhcnRhbWVudG8iO3M6ODoiQW1hem9uYXMiO3M6ODoiY2l1ZGFkZXMiO2E6Mjp7aTowO3M6NzoiTGV0aWNpYSI7aToxO3M6MTQ6IlB1ZXJ0byBOYXJpw7FvIjt9fWk6MTthOjM6e3M6MjoiaWQiO2k6MTtzOjEyOiJkZXBhcnRhbWVudG8iO3M6OToiQW50aW9xdWlhIjtzOjg6ImNpdWRhZGVzIjthOjEyNTp7aTowO3M6OToiQWJlam9ycmFsIjtpOjE7czo5OiJBYnJpYXF1w60iO2k6MjtzOjExOiJBbGVqYW5kcsOtYSI7aTozO3M6NjoiQW1hZ8OhIjtpOjQ7czo2OiJBbWFsZmkiO2k6NTtzOjU6IkFuZGVzIjtpOjY7czoxMjoiQW5nZWzDs3BvbGlzIjtpOjc7czo5OiJBbmdvc3R1cmEiO2k6ODtzOjY6IkFub3LDrSI7aTo5O3M6NToiQW56w6EiO2k6MTA7czo5OiJBcGFydGFkw7MiO2k6MTE7czo5OiJBcmJvbGV0ZXMiO2k6MTI7czo3OiJBcmdlbGlhIjtpOjEzO3M6NzoiQXJtZW5pYSI7aToxNDtzOjc6IkJhcmJvc2EiO2k6MTU7czo1OiJCZWxsbyI7aToxNjtzOjc6IkJlbG1pcmEiO2k6MTc7czo3OiJCZXRhbmlhIjtpOjE4O3M6NzoiQmV0dWxpYSI7aToxOTtzOjg6IkJyaWNlw7FvIjtpOjIwO3M6OToiQnVyaXRpY8OhIjtpOjIxO3M6ODoiQ8OhY2VyZXMiO2k6MjI7czo3OiJDYWljZWRvIjtpOjIzO3M6NjoiQ2FsZGFzIjtpOjI0O3M6MTA6IkNhbXBhbWVudG8iO2k6MjU7czoxMjoiQ2HDsWFzZ29yZGFzIjtpOjI2O3M6OToiQ2FyYWNvbMOtIjtpOjI3O3M6OToiQ2FyYW1hbnRhIjtpOjI4O3M6NjoiQ2FyZXBhIjtpOjI5O3M6MjI6IkNhcm9saW5hIGRlbCBQcsOtbmNpcGUiO2k6MzA7czo4OiJDYXVjYXNpYSI7aTozMTtzOjEwOiJDaGlnb3JvZMOzIjtpOjMyO3M6ODoiQ2lzbmVyb3MiO2k6MzM7czoxNToiQ2l1ZGFkIEJvbMOtdmFyIjtpOjM0O3M6ODoiQ29jb3Juw6EiO2k6MzU7czoxMToiQ29uY2VwY2nDs24iO2k6MzY7czo5OiJDb25jb3JkaWEiO2k6Mzc7czoxMDoiQ29wYWNhYmFuYSI7aTozODtzOjc6IkRhYmVpYmEiO2k6Mzk7czoxMDoiRG9ubWF0w61hcyI7aTo0MDtzOjg6IkViw6lqaWNvIjtpOjQxO3M6ODoiRWwgQmFncmUiO2k6NDI7czoyMDoiRWwgQ2FybWVuIGRlIFZpYm9yYWwiO2k6NDM7czo5OiJFbCBQZcOxb2wiO2k6NDQ7czo5OiJFbCBSZXRpcm8iO2k6NDU7czoxMjoiRWwgU2FudHVhcmlvIjtpOjQ2O3M6MTE6IkVudHJlcnLDrW9zIjtpOjQ3O3M6ODoiRW52aWdhZG8iO2k6NDg7czo4OiJGcmVkb25pYSI7aTo0OTtzOjg6IkZyb250aW5vIjtpOjUwO3M6NzoiR2lyYWxkbyI7aTo1MTtzOjk6IkdpcmFyZG90YSI7aTo1MjtzOjEyOiJHw7NtZXogUGxhdGEiO2k6NTM7czo3OiJHcmFuYWRhIjtpOjU0O3M6OToiR3VhZGFsdXBlIjtpOjU1O3M6NjoiR3Vhcm5lIjtpOjU2O3M6ODoiR3VhdGFww6kiO2k6NTc7czo5OiJIZWxpY29uaWEiO2k6NTg7czo4OiJIaXNwYW5pYSI7aTo1OTtzOjg6Ikl0YWfDvMOtIjtpOjYwO3M6NzoiSXR1YW5nbyI7aTo2MTtzOjc6IkphcmTDrW4iO2k6NjI7czo3OiJKZXJpY8OzIjtpOjYzO3M6NzoiTGEgQ2VqYSI7aTo2NDtzOjExOiJMYSBFc3RyZWxsYSI7aTo2NTtzOjEwOiJMYSBQaW50YWRhIjtpOjY2O3M6OToiTGEgVW5pw7NuIjtpOjY3O3M6ODoiTGlib3JpbmEiO2k6Njg7czo1OiJNYWNlbyI7aTo2OTtzOjk6Ik1hcmluaWxsYSI7aTo3MDtzOjk6Ik1lZGVsbMOtbiI7aTo3MTtzOjEwOiJNb250ZWJlbGxvIjtpOjcyO3M6ODoiTXVyaW5kw7MiO2k6NzM7czo3OiJNdXRhdMOhIjtpOjc0O3M6NzoiTmFyacOxbyI7aTo3NTtzOjY6Ik5lY2jDrSI7aTo3NjtzOjg6Ik5lY29jbMOtIjtpOjc3O3M6NToiT2xheWEiO2k6Nzg7czo1OiJQZXF1ZSI7aTo3OTtzOjExOiJQdWVibG9ycmljbyI7aTo4MDtzOjE0OiJQdWVydG8gQmVycsOtbyI7aTo4MTtzOjExOiJQdWVydG8gTmFyZSI7aTo4MjtzOjE0OiJQdWVydG8gVHJpdW5mbyI7aTo4MztzOjg6IlJlbWVkaW9zIjtpOjg0O3M6ODoiUmlvbmVncm8iO2k6ODU7czoxMToiU2FiYW5hbGFyZ2EiO2k6ODY7czo4OiJTYWJhbmV0YSI7aTo4NztzOjY6IlNhbGdhciI7aTo4ODtzOjIzOiJTYW4gQW5kcsOpcyBkZSBDdWVycXVpYSI7aTo4OTtzOjEwOiJTYW4gQ2FybG9zIjtpOjkwO3M6MTM6IlNhbiBGcmFuY2lzY28iO2k6OTE7czoxMzoiU2FuIEplcsOzbmltbyI7aTo5MjtzOjI0OiJTYW4gSm9zw6kgZGUgbGEgTW9udGHDsWEiO2k6OTM7czoxODoiU2FuIEp1YW4gZGUgVXJhYsOhIjtpOjk0O3M6ODoiU2FuIEx1aXMiO2k6OTU7czoxOToiU2FuIFBlZHJvIGRlIFVyYWLDoSI7aTo5NjtzOjI1OiJTYW4gUGVkcm8gZGUgbG9zIE1pbGFncm9zIjtpOjk3O3M6MTA6IlNhbiBSYWZhZWwiO2k6OTg7czo5OiJTYW4gUm9xdWUiO2k6OTk7czoxMToiU2FuIFZpY2VudGUiO2k6MTAwO3M6MTQ6IlNhbnRhIELDoXJiYXJhIjtpOjEwMTtzOjIxOiJTYW50YSBGZSBkZSBBbnRpb3F1aWEiO2k6MTAyO3M6MTg6IlNhbnRhIFJvc2EgZGUgT3NvcyI7aToxMDM7czoxMzoiU2FudG8gRG9taW5nbyI7aToxMDQ7czo3OiJTZWdvdmlhIjtpOjEwNTtzOjc6IlNvbnPDs24iO2k6MTA2O3M6OToiU29wZXRyw6FuIjtpOjEwNztzOjg6IlTDoW1lc2lzIjtpOjEwODtzOjc6IlRhcmF6w6EiO2k6MTA5O3M6NToiVGFyc28iO2k6MTEwO3M6OToiVGl0aXJpYsOtIjtpOjExMTtzOjY6IlRvbGVkbyI7aToxMTI7czo1OiJUdXJibyI7aToxMTM7czo3OiJVcmFtaXRhIjtpOjExNDtzOjU6IlVycmFvIjtpOjExNTtzOjg6IlZhbGRpdmlhIjtpOjExNjtzOjExOiJWYWxwYXJhw61zbyI7aToxMTc7czo4OiJWZWdhY2jDrSI7aToxMTg7czo3OiJWZW5lY2lhIjtpOjExOTtzOjE3OiJWaWfDrWEgZGVsIEZ1ZXJ0ZSI7aToxMjA7czo1OiJZYWzDrSI7aToxMjE7czo3OiJZYXJ1bWFsIjtpOjEyMjtzOjg6IllvbG9tYsOzIjtpOjEyMztzOjY6IllvbmTDsyI7aToxMjQ7czo4OiJaYXJhZ296YSI7fX1pOjI7YTozOntzOjI6ImlkIjtpOjI7czoxMjoiZGVwYXJ0YW1lbnRvIjtzOjY6IkFyYXVjYSI7czo4OiJjaXVkYWRlcyI7YTo3OntpOjA7czo2OiJBcmF1Y2EiO2k6MTtzOjk6IkFyYXVxdWl0YSI7aToyO3M6MTE6IkNyYXZvIE5vcnRlIjtpOjM7czo2OiJGb3J0dWwiO2k6NDtzOjE0OiJQdWVydG8gUm9uZMOzbiI7aTo1O3M6ODoiU2FyYXZlbmEiO2k6NjtzOjQ6IlRhbWUiO319aTozO2E6Mzp7czoyOiJpZCI7aTozO3M6MTI6ImRlcGFydGFtZW50byI7czoxMDoiQXRsw6FudGljbyI7czo4OiJjaXVkYWRlcyI7YToyMzp7aTowO3M6NzoiQmFyYW5vYSI7aToxO3M6MTI6IkJhcnJhbnF1aWxsYSI7aToyO3M6MTY6IkNhbXBvIGRlIGxhIENydXoiO2k6MztzOjEwOiJDYW5kZWxhcmlhIjtpOjQ7czo2OiJHYWxhcGEiO2k6NTtzOjE0OiJKdWFuIGRlIEFjb3N0YSI7aTo2O3M6NzoiTHVydWFjbyI7aTo3O3M6NzoiTWFsYW1ibyI7aTo4O3M6NzoiTWFuYXTDrSI7aTo5O3M6MTY6IlBhbG1hciBkZSBWYXJlbGEiO2k6MTA7czo2OiJQaW9qw7MiO2k6MTE7czo5OiJQb2xvbnVldm8iO2k6MTI7czo4OiJQb25lZGVyYSI7aToxMztzOjE1OiJQdWVydG8gQ29sb21iaWEiO2k6MTQ7czo4OiJSZXBlbMOzbiI7aToxNTtzOjEyOiJTYWJhbmFncmFuZGUiO2k6MTY7czoxMToiU2FiYW5hbGFyZ2EiO2k6MTc7czoxMjoiU2FudGEgTHVjw61hIjtpOjE4O3M6MTI6IlNhbnRvIFRvbcOhcyI7aToxOTtzOjc6IlNvbGVkYWQiO2k6MjA7czo1OiJTdcOhbiI7aToyMTtzOjc6IlR1YmFyw6EiO2k6MjI7czo5OiJVc2lhY3Vyw60iO319aTo0O2E6Mzp7czoyOiJpZCI7aTo0O3M6MTI6ImRlcGFydGFtZW50byI7czo4OiJCb2zDrXZhciI7czo4OiJjaXVkYWRlcyI7YTo0Nzp7aTowO3M6NToiQWNow60iO2k6MTtzOjE3OiJBbHRvcyBkZWwgUm9zYXJpbyI7aToyO3M6NjoiQXJlbmFsIjtpOjM7czo2OiJBcmpvbmEiO2k6NDtzOjExOiJBcnJveW9ob25kbyI7aTo1O3M6MTY6IkJhcnJhbmNvIGRlIExvYmEiO2k6NjtzOjE5OiJCcmF6dWVsbyBkZSBQYXBheWFsIjtpOjc7czo3OiJDYWxhbWFyIjtpOjg7czoxMDoiQ2FudGFnYWxsbyI7aTo5O3M6MTk6IkNhcnRhZ2VuYSBkZSBJbmRpYXMiO2k6MTA7czo2OiJDaWN1Y28iO2k6MTE7czo5OiJDbGVtZW5jaWEiO2k6MTI7czo4OiJDw7NyZG9iYSI7aToxMztzOjIxOiJFbCBDYXJtZW4gZGUgQm9sw612YXIiO2k6MTQ7czo4OiJFbCBHdWFtbyI7aToxNTtzOjEwOiJFbCBQZcOxw7NuIjtpOjE2O3M6MTU6IkhhdGlsbG8gZGUgTG9iYSI7aToxNztzOjk6Ik1hZ2FuZ3XDqSI7aToxODtzOjc6Ik1haGF0ZXMiO2k6MTk7czo5OiJNYXJnYXJpdGEiO2k6MjA7czoxNDoiTWFyw61hIGxhIEJhamEiO2k6MjE7czo3OiJNb21ww7NzIjtpOjIyO3M6MTE6Ik1vbnRlY3Jpc3RvIjtpOjIzO3M6NzoiTW9yYWxlcyI7aToyNDtzOjc6Ik5vcm9zw60iO2k6MjU7czo4OiJQaW5pbGxvcyI7aToyNjtzOjc6IlJlZ2lkb3IiO2k6Mjc7czoxMDoiUsOtbyBWaWVqbyI7aToyODtzOjE0OiJTYW4gQ3Jpc3TDs2JhbCI7aToyOTtzOjE0OiJTYW4gRXN0YW5pc2xhbyI7aTozMDtzOjEyOiJTYW4gRmVybmFuZG8iO2k6MzE7czoyMToiU2FuIEphY2ludG8gZGVsIENhdWNhIjtpOjMyO3M6MTE6IlNhbiBKYWNpbnRvIjtpOjMzO3M6MTk6IlNhbiBKdWFuIE5lcG9tdWNlbm8iO2k6MzQ7czoxOToiU2FuIE1hcnTDrW4gZGUgTG9iYSI7aTozNTtzOjk6IlNhbiBQYWJsbyI7aTozNjtzOjE0OiJTYW50YSBDYXRhbGluYSI7aTozNztzOjEwOiJTYW50YSBSb3NhIjtpOjM4O3M6MTg6IlNhbnRhIFJvc2EgZGVsIFN1ciI7aTozOTtzOjc6IlNpbWl0w60iO2k6NDA7czoxMToiU29wbGF2aWVudG8iO2k6NDE7czoxNDoiVGFsYWlndWEgTnVldm8iO2k6NDI7czo4OiJUaXF1aXNpbyI7aTo0MztzOjc6IlR1cmJhY28iO2k6NDQ7czo4OiJUdXJiYW7DoSI7aTo0NTtzOjEwOiJWaWxsYW51ZXZhIjtpOjQ2O3M6ODoiWmFtYnJhbm8iO319aTo1O2E6Mzp7czoyOiJpZCI7aTo1O3M6MTI6ImRlcGFydGFtZW50byI7czo3OiJCb3lhY8OhIjtzOjg6ImNpdWRhZGVzIjthOjEyMzp7aTowO3M6NzoiQWxtZWlkYSI7aToxO3M6OToiQXF1aXRhbmlhIjtpOjI7czo4OiJBcmNhYnVjbyI7aTozO3M6NjoiQmVsw6luIjtpOjQ7czo2OiJCZXJiZW8iO2k6NTtzOjEwOiJCZXTDqWl0aXZhIjtpOjY7czo3OiJCb2F2aXRhIjtpOjc7czo3OiJCb3lhY8OhIjtpOjg7czo4OiJCcmljZcOxbyI7aTo5O3M6MTA6IkJ1ZW5hdmlzdGEiO2k6MTA7czo5OiJCdXNiYW56w6EiO2k6MTE7czo2OiJDYWxkYXMiO2k6MTI7czoxMjoiQ2FtcG9oZXJtb3NvIjtpOjEzO3M6NzoiQ2VyaW56YSI7aToxNDtzOjk6IkNoaW5hdml0YSI7aToxNTtzOjEzOiJDaGlxdWlucXVpcsOhIjtpOjE2O3M6OToiQ2jDrXF1aXphIjtpOjE3O3M6NzoiQ2hpc2NhcyI7aToxODtzOjU6IkNoaXRhIjtpOjE5O3M6MTA6IkNoaXRhcmFxdWUiO2k6MjA7czo4OiJDaGl2YXTDoSI7aToyMTtzOjY6IkNoaXZvciI7aToyMjtzOjg6IkNpw6luZWdhIjtpOjIzO3M6ODoiQ8OzbWJpdGEiO2k6MjQ7czo1OiJDb3BlciI7aToyNTtzOjg6IkNvcnJhbGVzIjtpOjI2O3M6MTE6IkNvdmFyYWNow61hIjtpOjI3O3M6NzoiQ3ViYXLDoSI7aToyODtzOjc6IkN1Y2FpdGEiO2k6Mjk7czo4OiJDdcOtdGl2YSI7aTozMDtzOjc6IkR1aXRhbWEiO2k6MzE7czo4OiJFbCBDb2N1eSI7aTozMjtzOjk6IkVsIEVzcGlubyI7aTozMztzOjEwOiJGaXJhdml0b2JhIjtpOjM0O3M6ODoiRmxvcmVzdGEiO2k6MzU7czoxMToiR2FjaGFudGl2w6EiO2k6MzY7czo3OiJHw6FtZXphIjtpOjM3O3M6NzoiR2FyYWdvYSI7aTozODtzOjEwOiJHdWFjYW1heWFzIjtpOjM5O3M6ODoiR3VhdGVxdWUiO2k6NDA7czo4OiJHdWF5YXTDoSI7aTo0MTtzOjg6IkfDvGljw6FuIjtpOjQyO3M6MzoiSXphIjtpOjQzO3M6ODoiSmVuZXNhbm8iO2k6NDQ7czo3OiJKZXJpY8OzIjtpOjQ1O3M6MTA6IkxhIENhcGlsbGEiO2k6NDY7czo4OiJMYSBVdml0YSI7aTo0NztzOjExOiJMYSBWaWN0b3JpYSI7aTo0ODtzOjE0OiJMYWJyYW56YWdyYW5kZSI7aTo0OTtzOjc6Ik1hY2FuYWwiO2k6NTA7czo3OiJNYXJpcMOtIjtpOjUxO3M6MTA6Ik1pcmFmbG9yZXMiO2k6NTI7czo2OiJNb25ndWEiO2k6NTM7czo3OiJNb25ndcOtIjtpOjU0O3M6MTA6Ik1vbmlxdWlyw6EiO2k6NTU7czo4OiJNb3Rhdml0YSI7aTo1NjtzOjQ6Ik11em8iO2k6NTc7czo1OiJOb2JzYSI7aTo1ODtzOjEyOiJOdWV2byBDb2zDs24iO2k6NTk7czo3OiJPaWNhdMOhIjtpOjYwO3M6NzoiT3RhbmNoZSI7aTo2MTtzOjk6IlBhY2hhdml0YSI7aTo2MjtzOjU6IlDDoWV6IjtpOjYzO3M6NToiUGFpcGEiO2k6NjQ7czo4OiJQYWphcml0byI7aTo2NTtzOjg6IlBhbnF1ZWJhIjtpOjY2O3M6NToiUGF1bmEiO2k6Njc7czo0OiJQYXlhIjtpOjY4O3M6MTI6IlBheiBkZWwgUsOtbyI7aTo2OTtzOjU6IlBlc2NhIjtpOjcwO3M6NToiUGlzYmEiO2k6NzE7czoxNDoiUHVlcnRvIEJveWFjw6EiO2k6NzI7czo4OiJRdcOtcGFtYSI7aTo3MztzOjEwOiJSYW1pcmlxdcOtIjtpOjc0O3M6ODoiUsOhcXVpcmEiO2k6NzU7czo3OiJSb25kw7NuIjtpOjc2O3M6NzoiU2Fib3nDoSI7aTo3NztzOjg6IlPDoWNoaWNhIjtpOjc4O3M6NzoiU2FtYWPDoSI7aTo3OTtzOjExOiJTYW4gRWR1YXJkbyI7aTo4MDtzOjE3OiJTYW4gSm9zw6kgZGUgUGFyZSI7aTo4MTtzOjE4OiJTYW4gTHVpcyBkZSBHYWNlbm8iO2k6ODI7czo5OiJTYW4gTWF0ZW8iO2k6ODM7czoxODoiU2FuIE1pZ3VlbCBkZSBTZW1hIjtpOjg0O3M6MTk6IlNhbiBQYWJsbyBkZSBCb3JidXIiO2k6ODU7czoxMjoiU2FudGEgTWFyw61hIjtpOjg2O3M6MjE6IlNhbnRhIFJvc2EgZGUgVml0ZXJibyI7aTo4NztzOjEyOiJTYW50YSBTb2bDrWEiO2k6ODg7czo3OiJTYW50YW5hIjtpOjg5O3M6MTE6IlNhdGl2YW5vcnRlIjtpOjkwO3M6OToiU2F0aXZhc3VyIjtpOjkxO3M6OToiU2lhY2hvcXVlIjtpOjkyO3M6NjoiU29hdMOhIjtpOjkzO3M6NToiU29jaGEiO2k6OTQ7czo3OiJTb2NvdMOhIjtpOjk1O3M6ODoiU29nYW1vc28iO2k6OTY7czo5OiJTb21vbmRvY28iO2k6OTc7czo0OiJTb3JhIjtpOjk4O3M6NzoiU29yYWPDoSI7aTo5OTtzOjEwOiJTb3RhcXVpcsOhIjtpOjEwMDtzOjg6IlN1c2Fjw7NuIjtpOjEwMTtzOjEyOiJTdXRhbWFyY2jDoW4iO2k6MTAyO3M6OToiU3V0YXRlbnphIjtpOjEwMztzOjU6IlRhc2NvIjtpOjEwNDtzOjU6IlRlbnphIjtpOjEwNTtzOjc6IlRpYmFuw6EiO2k6MTA2O3M6ODoiVGliYXNvc2EiO2k6MTA3O3M6ODoiVGluamFjw6EiO2k6MTA4O3M6OToiVGlwYWNvcXVlIjtpOjEwOTtzOjQ6IlRvY2EiO2k6MTEwO3M6NzoiVG9nw7zDrSI7aToxMTE7czo3OiJUw7NwYWdhIjtpOjExMjtzOjQ6IlRvdGEiO2k6MTEzO3M6NToiVHVuamEiO2k6MTE0O3M6OToiVHVudW5ndcOhIjtpOjExNTtzOjk6IlR1cm1lcXXDqSI7aToxMTY7czo0OiJUdXRhIjtpOjExNztzOjc6IlR1dGF6w6EiO2k6MTE4O3M6Nzoiw5ptYml0YSI7aToxMTk7czoxMjoiVmVudGFxdWVtYWRhIjtpOjEyMDtzOjE0OiJWaWxsYSBkZSBMZXl2YSI7aToxMjE7czoxMDoiVmlyYWNhY2jDoSI7aToxMjI7czo5OiJaZXRhcXVpcmEiO319aTo2O2E6Mzp7czoyOiJpZCI7aTo2O3M6MTI6ImRlcGFydGFtZW50byI7czo2OiJDYWxkYXMiO3M6ODoiY2l1ZGFkZXMiO2E6Mjc6e2k6MDtzOjc6IkFndWFkYXMiO2k6MTtzOjc6IkFuc2VybWEiO2k6MjtzOjg6IkFyYW56YXp1IjtpOjM7czoxMToiQmVsYWxjw6F6YXIiO2k6NDtzOjEwOiJDaGluY2hpbsOhIjtpOjU7czoxMDoiRmlsYWRlbGZpYSI7aTo2O3M6OToiTGEgRG9yYWRhIjtpOjc7czo5OiJMYSBNZXJjZWQiO2k6ODtzOjk6Ik1hbml6YWxlcyI7aTo5O3M6MTA6Ik1hbnphbmFyZXMiO2k6MTA7czo3OiJNYXJtYXRvIjtpOjExO3M6MTE6Ik1hcnF1ZXRhbGlhIjtpOjEyO3M6OToiTWFydWxhbmRhIjtpOjEzO3M6NToiTmVpcmEiO2k6MTQ7czo4OiJOb3JjYXNpYSI7aToxNTtzOjc6IlDDoWNvcmEiO2k6MTY7czo5OiJQYWxlc3RpbmEiO2k6MTc7czoxMToiUGVuc2lsdmFuaWEiO2k6MTg7czo4OiJSaW9zdWNpbyI7aToxOTtzOjk6IlJpc2FyYWxkYSI7aToyMDtzOjg6IlNhbGFtaW5hIjtpOjIxO3M6NzoiU2FtYW7DoSI7aToyMjtzOjk6IlNhbiBKb3PDqSI7aToyMztzOjY6IlN1cMOtYSI7aToyNDtzOjg6IlZpY3RvcmlhIjtpOjI1O3M6MTE6IlZpbGxhbWFyw61hIjtpOjI2O3M6NzoiVml0ZXJibyI7fX1pOjc7YTozOntzOjI6ImlkIjtpOjc7czoxMjoiZGVwYXJ0YW1lbnRvIjtzOjg6IkNhcXVldMOhIjtzOjg6ImNpdWRhZGVzIjthOjE2OntpOjA7czo3OiJBbGJhbmlhIjtpOjE7czoyNDoiQmVsw6luIGRlIGxvcyBBbmRhcXXDrWVzIjtpOjI7czoyMToiQ2FydGFnZW5hIGRlbCBDaGFpcsOhIjtpOjM7czo3OiJDdXJpbGxvIjtpOjQ7czoxMToiRWwgRG9uY2VsbG8iO2k6NTtzOjk6IkVsIFBhdWppbCI7aTo2O3M6OToiRmxvcmVuY2lhIjtpOjc7czoxMzoiTGEgTW9udGHDsWl0YSI7aTo4O3M6NjoiTWlsw6FuIjtpOjk7czo3OiJNb3JlbGlhIjtpOjEwO3M6MTE6IlB1ZXJ0byBSaWNvIjtpOjExO3M6MjA6IlNhbiBKb3PDqSBkZWwgRnJhZ3VhIjtpOjEyO3M6MjM6IlNhbiBWaWNlbnRlIGRlbCBDYWd1w6FuIjtpOjEzO3M6NjoiU29sYW5vIjtpOjE0O3M6NjoiU29saXRhIjtpOjE1O3M6MTE6IlZhbHBhcmHDrXNvIjt9fWk6ODthOjM6e3M6MjoiaWQiO2k6ODtzOjEyOiJkZXBhcnRhbWVudG8iO3M6ODoiQ2FzYW5hcmUiO3M6ODoiY2l1ZGFkZXMiO2E6MTk6e2k6MDtzOjc6IkFndWF6dWwiO2k6MTtzOjg6IkNow6FtZXphIjtpOjI7czoxMjoiSGF0byBDb3JvemFsIjtpOjM7czo5OiJMYSBTYWxpbmEiO2k6NDtzOjU6Ik1hbsOtIjtpOjU7czo5OiJNb250ZXJyZXkiO2k6NjtzOjg6Ik51bmNow61hIjtpOjc7czo3OiJPcm9jdcOpIjtpOjg7czoxNDoiUGF6IGRlIEFyaXBvcm8iO2k6OTtzOjQ6IlBvcmUiO2k6MTA7czo3OiJSZWNldG9yIjtpOjExO3M6MTE6IlNhYmFuYWxhcmdhIjtpOjEyO3M6NzoiU8OhY2FtYSI7aToxMztzOjIwOiJTYW4gTHVpcyBkZSBQYWxlbnF1ZSI7aToxNDtzOjc6IlTDoW1hcmEiO2k6MTU7czo5OiJUYXVyYW1lbmEiO2k6MTY7czo4OiJUcmluaWRhZCI7aToxNztzOjEwOiJWaWxsYW51ZXZhIjtpOjE4O3M6NToiWW9wYWwiO319aTo5O2E6Mzp7czoyOiJpZCI7aTo5O3M6MTI6ImRlcGFydGFtZW50byI7czo1OiJDYXVjYSI7czo4OiJjaXVkYWRlcyI7YTo0Mjp7aTowO3M6ODoiQWxtYWd1ZXIiO2k6MTtzOjc6IkFyZ2VsaWEiO2k6MjtzOjY6IkJhbGJvYSI7aTozO3M6ODoiQm9sw612YXIiO2k6NDtzOjEyOiJCdWVub3MgQWlyZXMiO2k6NTtzOjg6IkNhamliw61vIjtpOjY7czo3OiJDYWxkb25vIjtpOjc7czo2OiJDYWxvdG8iO2k6ODtzOjc6IkNvcmludG8iO2k6OTtzOjg6IkVsIFRhbWJvIjtpOjEwO3M6OToiRmxvcmVuY2lhIjtpOjExO3M6OToiR3VhY2hlbsOpIjtpOjEyO3M6NjoiR3VhcMOtIjtpOjEzO3M6NToiSW56w6EiO2k6MTQ7czo4OiJKYW1iYWzDsyI7aToxNTtzOjk6IkxhIFNpZXJyYSI7aToxNjtzOjc6IkxhIFZlZ2EiO2k6MTc7czoxNToiTMOzcGV6IGRlIE1pY2F5IjtpOjE4O3M6MTA6Ik1lcmNhZGVyZXMiO2k6MTk7czo3OiJNaXJhbmRhIjtpOjIwO3M6NzoiTW9yYWxlcyI7aToyMTtzOjc6IlBhZGlsbGEiO2k6MjI7czo1OiJQw6FleiI7aToyMztzOjY6IlBhdMOtYSI7aToyNDtzOjg6IlBpYW1vbnRlIjtpOjI1O3M6OToiUGllbmRhbcOzIjtpOjI2O3M6ODoiUG9wYXnDoW4iO2k6Mjc7czoxMzoiUHVlcnRvIFRlamFkYSI7aToyODtzOjc6IlB1cmFjw6kiO2k6Mjk7czo1OiJSb3NhcyI7aTozMDtzOjE0OiJTYW4gU2ViYXN0acOhbiI7aTozMTtzOjEwOiJTYW50YSBSb3NhIjtpOjMyO3M6MjI6IlNhbnRhbmRlciBkZSBRdWlsaWNoYW8iO2k6MzM7czo2OiJTaWx2aWEiO2k6MzQ7czo3OiJTb3RhcsOhIjtpOjM1O3M6NzoiU3XDoXJleiI7aTozNjtzOjU6IlN1Y3JlIjtpOjM3O3M6NzoiVGltYsOtbyI7aTozODtzOjk6IlRpbWJpcXXDrSI7aTozOTtzOjg6IlRvcmliw61vIjtpOjQwO3M6NzoiVG90b3LDsyI7aTo0MTtzOjEwOiJWaWxsYSBSaWNhIjt9fWk6MTA7YTozOntzOjI6ImlkIjtpOjEwO3M6MTI6ImRlcGFydGFtZW50byI7czo1OiJDZXNhciI7czo4OiJjaXVkYWRlcyI7YToyNTp7aTowO3M6OToiQWd1YWNoaWNhIjtpOjE7czoxNjoiQWd1c3TDrW4gQ29kYXp6aSI7aToyO3M6NjoiQXN0cmVhIjtpOjM7czo4OiJCZWNlcnJpbCI7aTo0O3M6ODoiQm9zY29uaWEiO2k6NTtzOjExOiJDaGltaWNoYWd1YSI7aTo2O3M6MTE6IkNoaXJpZ3VhbsOhIjtpOjc7czo5OiJDdXJ1bWFuw60iO2k6ODtzOjg6IkVsIENvcGV5IjtpOjk7czo3OiJFbCBQYXNvIjtpOjEwO3M6NzoiR2FtYXJyYSI7aToxMTtzOjk6IkdvbnrDoWxleiI7aToxMjtzOjE3OiJMYSBHbG9yaWEgKENlc2FyKSI7aToxMztzOjE5OiJMYSBKYWd1YSBkZSBJYmlyaWNvIjtpOjE0O3M6NjoiTGEgUGF6IjtpOjE1O3M6MjU6Ik1hbmF1cmUgQmFsY8OzbiBkZWwgQ2VzYXIiO2k6MTY7czo4OiJQYWlsaXRhcyI7aToxNztzOjY6IlBlbGF5YSI7aToxODtzOjEyOiJQdWVibG8gQmVsbG8iO2k6MTk7czoxMToiUsOtbyBkZSBPcm8iO2k6MjA7czoxMToiU2FuIEFsYmVydG8iO2k6MjE7czo5OiJTYW4gRGllZ28iO2k6MjI7czoxMToiU2FuIE1hcnTDrW4iO2k6MjM7czoxMToiVGFtYWxhbWVxdWUiO2k6MjQ7czoxMDoiVmFsbGVkdXBhciI7fX1pOjExO2E6Mzp7czoyOiJpZCI7aToxMTtzOjEyOiJkZXBhcnRhbWVudG8iO3M6NjoiQ2hvY8OzIjtzOjg6ImNpdWRhZGVzIjthOjMwOntpOjA7czo3OiJBY2FuZMOtIjtpOjE7czoxMToiQWx0byBCYXVkw7MiO2k6MjtzOjc6IkJhZ2Fkw7MiO2k6MztzOjEzOiJCYWjDrWEgU29sYW5vIjtpOjQ7czoxMToiQmFqbyBCYXVkw7MiO2k6NTtzOjc6IkJvamF5w6EiO2k6NjtzOjIwOiJDYW50w7NuIGRlIFNhbiBQYWJsbyI7aTo3O3M6OToiQ8OpcnRlZ3VpIjtpOjg7czo3OiJDb25kb3RvIjtpOjk7czo5OiJFbCBBdHJhdG8iO2k6MTA7czoxOToiRWwgQ2FybWVuIGRlIEF0cmF0byI7aToxMTtzOjIxOiJFbCBDYXJtZW4gZGVsIERhcmnDqW4iO2k6MTI7czo3OiJJc3RtaW5hIjtpOjEzO3M6NzoiSnVyYWTDsyI7aToxNDtzOjE5OiJMaXRvcmFsIGRlIFNhbiBKdWFuIjtpOjE1O3M6NjoiTGxvcsOzIjtpOjE2O3M6MTI6Ik1lZGlvIEF0cmF0byI7aToxNztzOjEyOiJNZWRpbyBCYXVkw7MiO2k6MTg7czoxNDoiTWVkaW8gU2FuIEp1YW4iO2k6MTk7czo3OiJOw7N2aXRhIjtpOjIwO3M6NjoiTnVxdcOtIjtpOjIxO3M6NzoiUXVpYmTDsyI7aToyMjtzOjk6IlLDrW8gSXLDsyI7aToyMztzOjEwOiJSw61vIFF1aXRvIjtpOjI0O3M6ODoiUmlvc3VjaW8iO2k6MjU7czoyMDoiU2FuIEpvc8OpIGRlbCBQYWxtYXIiO2k6MjY7czo1OiJTaXDDrSI7aToyNztzOjU6IlRhZMOzIjtpOjI4O3M6MTk6IlVuacOzbiBQYW5hbWVyaWNhbmEiO2k6Mjk7czo3OiJVbmd1w61hIjt9fWk6MTI7YTozOntzOjI6ImlkIjtpOjEyO3M6MTI6ImRlcGFydGFtZW50byI7czoxMjoiQ3VuZGluYW1hcmNhIjtzOjg6ImNpdWRhZGVzIjthOjExNzp7aTowO3M6MTI6IkFndWEgZGUgRGlvcyI7aToxO3M6NjoiQWxiw6FuIjtpOjI7czo4OiJBbmFwb2ltYSI7aTozO3M6ODoiQW5vbGFpbWEiO2k6NDtzOjU6IkFwdWxvIjtpOjU7czo5OiJBcmJlbMOhZXoiO2k6NjtzOjg6IkJlbHRyw6FuIjtpOjc7czo3OiJCaXR1aW1hIjtpOjg7czo3OiJCb2dvdMOhIjtpOjk7czo3OiJCb2phY8OhIjtpOjEwO3M6NzoiQ2FicmVyYSI7aToxMTtzOjg6IkNhY2hpcGF5IjtpOjEyO3M6NzoiQ2FqaWPDoSI7aToxMztzOjEwOiJDYXBhcnJhcMOtIjtpOjE0O3M6ODoiQ8OhcXVlemEiO2k6MTU7czoxNjoiQ2FybWVuIGRlIENhcnVwYSI7aToxNjtzOjk6IkNoYWd1YW7DrSI7aToxNztzOjU6IkNow61hIjtpOjE4O3M6ODoiQ2hpcGFxdWUiO2k6MTk7czo4OiJDaG9hY2jDrSI7aToyMDtzOjk6IkNob2NvbnTDoSI7aToyMTtzOjU6IkNvZ3VhIjtpOjIyO3M6NDoiQ290YSI7aToyMztzOjk6IkN1Y3VudWLDoSI7aToyNDtzOjEwOiJFbCBDb2xlZ2lvIjtpOjI1O3M6MTA6IkVsIFBlw7HDs24iO2k6MjY7czo4OiJFbCBSb3NhbCI7aToyNztzOjExOiJGYWNhdGF0aXbDoSI7aToyODtzOjg6IkbDs21lcXVlIjtpOjI5O3M6NToiRm9zY2EiO2k6MzA7czo1OiJGdW56YSI7aTozMTtzOjg6IkbDunF1ZW5lIjtpOjMyO3M6MTE6IkZ1c2FnYXN1Z8OhIjtpOjMzO3M6ODoiR2FjaGFsw6EiO2k6MzQ7czoxMToiR2FjaGFuY2lww6EiO2k6MzU7czo4OiJHYWNoZXTDoSI7aTozNjtzOjQ6IkdhbWEiO2k6Mzc7czo4OiJHaXJhcmRvdCI7aTozODtzOjc6IkdyYW5hZGEiO2k6Mzk7czo5OiJHdWFjaGV0w6EiO2k6NDA7czo3OiJHdWFkdWFzIjtpOjQxO3M6NjoiR3Vhc2NhIjtpOjQyO3M6OToiR3VhdGFxdcOtIjtpOjQzO3M6OToiR3VhdGF2aXRhIjtpOjQ0O3M6MjA6Ikd1YXlhYmFsIGRlIFPDrXF1aW1hIjtpOjQ1O3M6MTA6Ikd1YXlhYmV0YWwiO2k6NDY7czoxMDoiR3V0acOpcnJleiI7aTo0NztzOjEwOiJKZXJ1c2Fsw6luIjtpOjQ4O3M6NjoiSnVuw61uIjtpOjQ5O3M6OToiTGEgQ2FsZXJhIjtpOjUwO3M6NzoiTGEgTWVzYSI7aTo1MTtzOjg6IkxhIFBhbG1hIjtpOjUyO3M6ODoiTGEgUGXDsWEiO2k6NTM7czo3OiJMYSBWZWdhIjtpOjU0O3M6MTE6Ikxlbmd1YXphcXVlIjtpOjU1O3M6ODoiTWFjaGV0w6EiO2k6NTY7czo2OiJNYWRyaWQiO2k6NTc7czo1OiJNYW50YSI7aTo1ODtzOjY6Ik1lZGluYSI7aTo1OTtzOjg6Ik1vc3F1ZXJhIjtpOjYwO3M6NzoiTmFyacOxbyI7aTo2MTtzOjg6Ik5lbW9jw7NuIjtpOjYyO3M6NDoiTmlsbyI7aTo2MztzOjc6Ik5pbWFpbWEiO2k6NjQ7czo3OiJOb2NhaW1hIjtpOjY1O3M6NToiUGFjaG8iO2k6NjY7czo1OiJQYWltZSI7aTo2NztzOjU6IlBhbmRpIjtpOjY4O3M6MTE6IlBhcmF0ZWJ1ZW5vIjtpOjY5O3M6NToiUGFzY2EiO2k6NzA7czoxMzoiUHVlcnRvIFNhbGdhciI7aTo3MTtzOjU6IlB1bMOtIjtpOjcyO3M6MTM6IlF1ZWJyYWRhbmVncmEiO2k6NzM7czo3OiJRdWV0YW1lIjtpOjc0O3M6NzoiUXVpcGlsZSI7aTo3NTtzOjg6IlJpY2F1cnRlIjtpOjc2O3M6MjY6IlNhbiBBbnRvbmlvIGRlbCBUZXF1ZW5kYW1hIjtpOjc3O3M6MTI6IlNhbiBCZXJuYXJkbyI7aTo3ODtzOjEyOiJTYW4gQ2F5ZXRhbm8iO2k6Nzk7czoxMzoiU2FuIEZyYW5jaXNjbyI7aTo4MDtzOjE5OiJTYW4gSnVhbiBkZSBSaW9zZWNvIjtpOjgxO3M6NzoiU2FzYWltYSI7aTo4MjtzOjk6IlNlc3F1aWzDqSI7aTo4MztzOjc6IlNpYmF0w6kiO2k6ODQ7czo4OiJTaWx2YW5pYSI7aTo4NTtzOjg6IlNpbWlqYWNhIjtpOjg2O3M6NjoiU29hY2hhIjtpOjg3O3M6NToiU29ww7MiO2k6ODg7czoxMDoiU3ViYWNob3F1ZSI7aTo4OTtzOjY6IlN1ZXNjYSI7aTo5MDtzOjc6IlN1cGF0w6EiO2k6OTE7czo0OiJTdXNhIjtpOjkyO3M6OToiU3V0YXRhdXNhIjtpOjkzO3M6NToiVGFiaW8iO2k6OTQ7czo1OiJUYXVzYSI7aTo5NTtzOjQ6IlRlbmEiO2k6OTY7czo1OiJUZW5qbyI7aTo5NztzOjc6IlRpYmFjdXkiO2k6OTg7czo4OiJUaWJpcml0YSI7aTo5OTtzOjc6IlRvY2FpbWEiO2k6MTAwO3M6MTA6IlRvY2FuY2lww6EiO2k6MTAxO3M6ODoiVG9wYWlww60iO2k6MTAyO3M6NjoiVWJhbMOhIjtpOjEwMztzOjY6IlViYXF1ZSI7aToxMDQ7czo2OiJVYmF0w6kiO2k6MTA1O3M6MzoiVW5lIjtpOjEwNjtzOjY6IsOadGljYSI7aToxMDc7czo3OiJWZW5lY2lhIjtpOjEwODtzOjc6IlZlcmdhcmEiO2k6MTA5O3M6NjoiVmlhbsOtIjtpOjExMDtzOjExOiJWaWxsYWfDs21leiI7aToxMTE7czoxMjoiVmlsbGFwaW56w7NuIjtpOjExMjtzOjc6IlZpbGxldGEiO2k6MTEzO3M6NjoiVmlvdMOhIjtpOjExNDtzOjc6IllhY29ww60iO2k6MTE1O3M6ODoiWmlwYWPDs24iO2k6MTE2O3M6MTA6IlppcGFxdWlyw6EiO319aToxMzthOjM6e3M6MjoiaWQiO2k6MTM7czoxMjoiZGVwYXJ0YW1lbnRvIjtzOjg6IkPDs3Jkb2JhIjtzOjg6ImNpdWRhZGVzIjthOjMwOntpOjA7czo2OiJBeWFwZWwiO2k6MTtzOjEwOiJCdWVuYXZpc3RhIjtpOjI7czo4OiJDYW5hbGV0ZSI7aTozO3M6NzoiQ2VyZXTDqSI7aTo0O3M6NjoiQ2hpbcOhIjtpOjU7czo2OiJDaGluw7oiO2k6NjtzOjE1OiJDacOpbmFnYSBkZSBPcm8iO2k6NztzOjc6IkNvdG9ycmEiO2k6ODtzOjExOiJMYSBBcGFydGFkYSI7aTo5O3M6NjoiTG9yaWNhIjtpOjEwO3M6MTM6IkxvcyBDw7NyZG9iYXMiO2k6MTE7czo1OiJNb21pbCI7aToxMjtzOjEyOiJNb250ZWzDrWJhbm8iO2k6MTM7czo5OiJNb250ZXLDrWEiO2k6MTQ7czo4OiJNb8OxaXRvcyI7aToxNTtzOjEyOiJQbGFuZXRhIFJpY2EiO2k6MTY7czoxMjoiUHVlYmxvIE51ZXZvIjtpOjE3O3M6MTY6IlB1ZXJ0byBFc2NvbmRpZG8iO2k6MTg7czoxNzoiUHVlcnRvIExpYmVydGFkb3IiO2k6MTk7czo5OiJQdXLDrXNpbWEiO2k6MjA7czo4OiJTYWhhZ8O6biI7aToyMTtzOjI0OiJTYW4gQW5kcsOpcyBkZSBTb3RhdmVudG8iO2k6MjI7czoxMDoiU2FuIEFudGVybyI7aToyMztzOjIzOiJTYW4gQmVybmFyZG8gZGVsIFZpZW50byI7aToyNDtzOjEwOiJTYW4gQ2FybG9zIjtpOjI1O3M6MTc6IlNhbiBKb3PDqSBkZSBVcsOpIjtpOjI2O3M6MTA6IlNhbiBQZWxheW8iO2k6Mjc7czo5OiJUaWVycmFsdGEiO2k6Mjg7czo3OiJUdWNow61uIjtpOjI5O3M6ODoiVmFsZW5jaWEiO319aToxNDthOjM6e3M6MjoiaWQiO2k6MTQ7czoxMjoiZGVwYXJ0YW1lbnRvIjtzOjg6Ikd1YWluw61hIjtzOjg6ImNpdWRhZGVzIjthOjE6e2k6MDtzOjg6Ikluw61yaWRhIjt9fWk6MTU7YTozOntzOjI6ImlkIjtpOjE1O3M6MTI6ImRlcGFydGFtZW50byI7czo4OiJHdWF2aWFyZSI7czo4OiJjaXVkYWRlcyI7YTo0OntpOjA7czo3OiJDYWxhbWFyIjtpOjE7czoxMDoiRWwgUmV0b3JubyI7aToyO3M6MTA6Ik1pcmFmbG9yZXMiO2k6MztzOjIyOiJTYW4gSm9zw6kgZGVsIEd1YXZpYXJlIjt9fWk6MTY7YTozOntzOjI6ImlkIjtpOjE2O3M6MTI6ImRlcGFydGFtZW50byI7czo1OiJIdWlsYSI7czo4OiJjaXVkYWRlcyI7YTozNzp7aTowO3M6NzoiQWNldmVkbyI7aToxO3M6NjoiQWdyYWRvIjtpOjI7czo0OiJBaXBlIjtpOjM7czo5OiJBbGdlY2lyYXMiO2k6NDtzOjg6IkFsdGFtaXJhIjtpOjU7czo2OiJCYXJheWEiO2k6NjtzOjExOiJDYW1wb2FsZWdyZSI7aTo3O3M6ODoiQ29sb21iaWEiO2k6ODtzOjg6IkVsIFBpdGFsIjtpOjk7czo2OiJFbMOtYXMiO2k6MTA7czo3OiJHYXJ6w7NuIjtpOjExO3M6NzoiR2lnYW50ZSI7aToxMjtzOjk6Ikd1YWRhbHVwZSI7aToxMztzOjQ6IkhvYm8iO2k6MTQ7czo3OiLDjXF1aXJhIjtpOjE1O3M6NToiSXNub3MiO2k6MTY7czoxMjoiTGEgQXJnZW50aW5hIjtpOjE3O3M6ODoiTGEgUGxhdGEiO2k6MTg7czo3OiJOw6F0YWdhIjtpOjE5O3M6NToiTmVpdmEiO2k6MjA7czo3OiJPcG9yYXBhIjtpOjIxO3M6NjoiUGFpY29sIjtpOjIyO3M6NzoiUGFsZXJtbyI7aToyMztzOjk6IlBhbGVzdGluYSI7aToyNDtzOjg6IlBpdGFsaXRvIjtpOjI1O3M6NjoiUml2ZXJhIjtpOjI2O3M6MTI6IlNhbGFkb2JsYW5jbyI7aToyNztzOjEyOiJTYW4gQWd1c3TDrW4iO2k6Mjg7czoxMjoiU2FudGEgTWFyw61hIjtpOjI5O3M6NToiU3VhemEiO2k6MzA7czo2OiJUYXJxdWkiO2k6MzE7czo1OiJUZWxsbyI7aTozMjtzOjY6IlRlcnVlbCI7aTozMztzOjc6IlRlc2FsaWEiO2k6MzQ7czo3OiJUaW1hbsOhIjtpOjM1O3M6MTA6IlZpbGxhdmllamEiO2k6MzY7czo4OiJZYWd1YXLDoSI7fX1pOjE3O2E6Mzp7czoyOiJpZCI7aToxNztzOjEyOiJkZXBhcnRhbWVudG8iO3M6MTA6IkxhIEd1YWppcmEiO3M6ODoiY2l1ZGFkZXMiO2E6MTU6e2k6MDtzOjc6IkFsYmFuaWEiO2k6MTtzOjk6IkJhcnJhbmNhcyI7aToyO3M6NzoiRGlidWxsYSI7aTozO3M6MTI6IkRpc3RyYWNjacOzbiI7aTo0O3M6OToiRWwgTW9saW5vIjtpOjU7czo3OiJGb25zZWNhIjtpOjY7czo5OiJIYXRvbnVldm8iO2k6NztzOjE4OiJMYSBKYWd1YSBkZWwgUGlsYXIiO2k6ODtzOjY6Ik1haWNhbyI7aTo5O3M6NzoiTWFuYXVyZSI7aToxMDtzOjg6IlJpb2hhY2hhIjtpOjExO3M6MTg6IlNhbiBKdWFuIGRlbCBDZXNhciI7aToxMjtzOjY6IlVyaWJpYSI7aToxMztzOjc6IlVydW1pdGEiO2k6MTQ7czoxMDoiVmlsbGFudWV2YSI7fX1pOjE4O2E6Mzp7czoyOiJpZCI7aToxODtzOjEyOiJkZXBhcnRhbWVudG8iO3M6OToiTWFnZGFsZW5hIjtzOjg6ImNpdWRhZGVzIjthOjMxOntpOjA7czo5OiJBbGdhcnJvYm8iO2k6MTtzOjk6IkFyYWNhdGFjYSI7aToyO3M6OToiQXJpZ3VhbsOtIjtpOjM7czoyMDoiQ2Vycm8gZGUgU2FuIEFudG9uaW8iO2k6NDtzOjc6IkNoaWJvbG8iO2k6NTtzOjc6IkNoaWJvbG8iO2k6NjtzOjg6IkNpw6luYWdhIjtpOjc7czo5OiJDb25jb3JkaWEiO2k6ODtzOjg6IkVsIEJhbmNvIjtpOjk7czoxMDoiRWwgUGnDscOzbiI7aToxMDtzOjk6IkVsIFJldMOpbiI7aToxMTtzOjEwOiJGdW5kYWNpw7NuIjtpOjEyO3M6NjoiR3VhbWFsIjtpOjEzO3M6MTM6Ik51ZXZhIEdyYW5hZGEiO2k6MTQ7czo3OiJQZWRyYXphIjtpOjE1O3M6MTg6IlBpamnDsW8gZGVsIENhcm1lbiI7aToxNjtzOjc6IlBpdmlqYXkiO2k6MTc7czo1OiJQbGF0byI7aToxODtzOjEyOiJQdWVibG8gVmllam8iO2k6MTk7czo4OiJSZW1vbGlubyI7aToyMDtzOjIxOiJTYWJhbmFzIGRlIFNhbiDDgW5nZWwiO2k6MjE7czo4OiJTYWxhbWluYSI7aToyMjtzOjI4OiJTYW4gU2ViYXN0acOhbiBkZSBCdWVuYXZpc3RhIjtpOjIzO3M6MTA6IlNhbiBaZW7Ds24iO2k6MjQ7czo5OiJTYW50YSBBbmEiO2k6MjU7czoyMzoiU2FudGEgQsOhcmJhcmEgZGUgUGludG8iO2k6MjY7czoxMToiU2FudGEgTWFydGEiO2k6Mjc7czoxMDoiU2l0aW9udWV2byI7aToyODtzOjg6IlRlbmVyaWZlIjtpOjI5O3M6ODoiWmFwYXnDoW4iO2k6MzA7czoxMzoiWm9uYSBCYW5hbmVyYSI7fX1pOjE5O2E6Mzp7czoyOiJpZCI7aToxOTtzOjEyOiJkZXBhcnRhbWVudG8iO3M6NDoiTWV0YSI7czo4OiJjaXVkYWRlcyI7YToyOTp7aTowO3M6ODoiQWNhY8OtYXMiO2k6MTtzOjE3OiJCYXJyYW5jYSBkZSBVcMOtYSI7aToyO3M6ODoiQ2FidXlhcm8iO2k6MztzOjE3OiJDYXN0aWxsYSBsYSBOdWV2YSI7aTo0O3M6ODoiQ3ViYXJyYWwiO2k6NTtzOjc6IkN1bWFyYWwiO2k6NjtzOjExOiJFbCBDYWx2YXJpbyI7aTo3O3M6MTE6IkVsIENhc3RpbGxvIjtpOjg7czo5OiJFbCBEb3JhZG8iO2k6OTtzOjEzOiJGdWVudGUgZGUgT3JvIjtpOjEwO3M6NzoiR3JhbmFkYSI7aToxMTtzOjY6Ikd1YW1hbCI7aToxMjtzOjExOiJMYSBNYWNhcmVuYSI7aToxMztzOjg6IkxhIFVyaWJlIjtpOjE0O3M6OToiTGVqYW7DrWFzIjtpOjE1O3M6MTA6Ik1hcGlyaXDDoW4iO2k6MTY7czo3OiJNZXNldGFzIjtpOjE3O3M6MTY6IlB1ZXJ0byBDb25jb3JkaWEiO2k6MTg7czoxNDoiUHVlcnRvIEdhaXTDoW4iO2k6MTk7czoxMzoiUHVlcnRvIExsZXJhcyI7aToyMDtzOjEzOiJQdWVydG8gTMOzcGV6IjtpOjIxO3M6MTE6IlB1ZXJ0byBSaWNvIjtpOjIyO3M6ODoiUmVzdHJlcG8iO2k6MjM7czoyMDoiU2FuIENhcmxvcyBkZSBHdWFyb2EiO2k6MjQ7czoxNzoiU2FuIEp1YW4gZGUgQXJhbWEiO2k6MjU7czoxMToiU2FuIEp1YW5pdG8iO2k6MjY7czoxMToiU2FuIE1hcnTDrW4iO2k6Mjc7czoxMzoiVmlsbGF2aWNlbmNpbyI7aToyODtzOjEzOiJWaXN0YSBIZXJtb3NhIjt9fWk6MjA7YTozOntzOjI6ImlkIjtpOjIwO3M6MTI6ImRlcGFydGFtZW50byI7czo3OiJOYXJpw7FvIjtzOjg6ImNpdWRhZGVzIjthOjY0OntpOjA7czo2OiJBbGRhbmEiO2k6MTtzOjc6IkFuY3V5w6EiO2k6MjtzOjg6IkFyYm9sZWRhIjtpOjM7czo5OiJCYXJiYWNvYXMiO2k6NDtzOjY6IkJlbMOpbiI7aTo1O3M6NzoiQnVlc2FjbyI7aTo2O3M6MTE6IkNoYWNoYWfDvMOtIjtpOjc7czo2OiJDb2zDs24iO2k6ODtzOjg6IkNvbnNhY8OhIjtpOjk7czo5OiJDb250YWRlcm8iO2k6MTA7czo4OiJDw7NyZG9iYSI7aToxMTtzOjc6IkN1YXNwdWQiO2k6MTI7czo2OiJDdW1iYWwiO2k6MTM7czo5OiJDdW1iaXRhcmEiO2k6MTQ7czo5OiJFbCBDaGFyY28iO2k6MTU7czo5OiJFbCBQZcOxb2wiO2k6MTY7czoxMDoiRWwgUm9zYXJpbyI7aToxNztzOjEwOiJFbCBUYWJsw7NuIjtpOjE4O3M6ODoiRWwgVGFtYm8iO2k6MTk7czoxNzoiRnJhbmNpc2NvIFBpemFycm8iO2k6MjA7czo1OiJGdW5lcyI7aToyMTtzOjk6Ikd1YWNodWNhbCI7aToyMjtzOjExOiJHdWFpdGFyaWxsYSI7aToyMztzOjEwOiJHdWFsbWF0w6FuIjtpOjI0O3M6NDoiSWxlcyI7aToyNTtzOjY6IkltdcOpcyI7aToyNjtzOjc6IklwaWFsZXMiO2k6Mjc7czo3OiJMYSBDcnV6IjtpOjI4O3M6MTA6IkxhIEZsb3JpZGEiO2k6Mjk7czoxMDoiTGEgTGxhbmFkYSI7aTozMDtzOjc6IkxhIFRvbGEiO2k6MzE7czo5OiJMYSBVbmnDs24iO2k6MzI7czo1OiJMZWl2YSI7aTozMztzOjc6IkxpbmFyZXMiO2k6MzQ7czo5OiJMb3MgQW5kZXMiO2k6MzU7czoxNDoiTWFnw7zDrSBQYXnDoW4iO2k6MzY7czo3OiJNYWxsYW1hIjtpOjM3O3M6ODoiTW9zcXVlcmEiO2k6Mzg7czo3OiJOYXJpw7FvIjtpOjM5O3M6MTM6Ik9sYXlhIEhlcnJlcmEiO2k6NDA7czo2OiJPc3BpbmEiO2k6NDE7czo1OiJQYXN0byI7aTo0MjtzOjk6IlBvbGljYXJwYSI7aTo0MztzOjc6IlBvdG9zw60iO2k6NDQ7czoxMToiUHJvdmlkZW5jaWEiO2k6NDU7czo3OiJQdWVycmVzIjtpOjQ2O3M6ODoiUHVwaWFsZXMiO2k6NDc7czo4OiJSaWNhdXJ0ZSI7aTo0ODtzOjE0OiJSb2JlcnRvIFBhecOhbiI7aTo0OTtzOjk6IlNhbWFuaWVnbyI7aTo1MDtzOjEyOiJTYW4gQmVybmFyZG8iO2k6NTE7czoxOToiU2FuIEpvc8OpIGRlIEFsYsOhbiI7aTo1MjtzOjExOiJTYW4gTG9yZW56byI7aTo1MztzOjk6IlNhbiBQYWJsbyI7aTo1NDtzOjIwOiJTYW4gUGVkcm8gZGUgQ2FydGFnbyI7aTo1NTtzOjg6IlNhbmRvbsOhIjtpOjU2O3M6MTQ6IlNhbnRhIELDoXJiYXJhIjtpOjU3O3M6OToiU2FudGFjcnV6IjtpOjU4O3M6NzoiU2FwdXllcyI7aTo1OTtzOjk6IlRhbWluYW5nbyI7aTo2MDtzOjY6IlRhbmd1YSI7aTo2MTtzOjY6IlR1bWFjbyI7aTo2MjtzOjEwOiJUw7pxdWVycmVzIjtpOjYzO3M6MTA6IllhY3VhbnF1ZXIiO319aToyMTthOjM6e3M6MjoiaWQiO2k6MjE7czoxMjoiZGVwYXJ0YW1lbnRvIjtzOjE4OiJOb3J0ZSBkZSBTYW50YW5kZXIiO3M6ODoiY2l1ZGFkZXMiO2E6NDA6e2k6MDtzOjc6IsOBYnJlZ28iO2k6MTtzOjk6IkFyYm9sZWRhcyI7aToyO3M6OToiQm9jaGFsZW1hIjtpOjM7czoxMDoiQnVjYXJhc2ljYSI7aTo0O3M6ODoiQ8OhY2hpcmEiO2k6NTtzOjc6IkPDoWNvdGEiO2k6NjtzOjEwOiJDaGluw6Fjb3RhIjtpOjc7czo4OiJDaGl0YWfDoSI7aTo4O3M6MTE6IkNvbnZlbmNpw7NuIjtpOjk7czo3OiJDw7pjdXRhIjtpOjEwO3M6OToiQ3VjdXRpbGxhIjtpOjExO3M6ODoiRHVyYW7DrWEiO2k6MTI7czo5OiJFbCBDYXJtZW4iO2k6MTM7czo4OiJFbCBUYXJyYSI7aToxNDtzOjg6IkVsIFp1bGlhIjtpOjE1O3M6OToiR3JhbWFsb3RlIjtpOjE2O3M6NzoiSGFjYXLDrSI7aToxNztzOjc6IkhlcnLDoW4iO2k6MTg7czoxMjoiTGEgRXNwZXJhbnphIjtpOjE5O3M6MTg6IkxhIFBsYXlhIGRlIEJlbMOpbiI7aToyMDtzOjg6IkxhYmF0ZWNhIjtpOjIxO3M6MTA6IkxvcyBQYXRpb3MiO2k6MjI7czo3OiJMb3VyZGVzIjtpOjIzO3M6ODoiTXV0aXNjdWEiO2k6MjQ7czo2OiJPY2HDsWEiO2k6MjU7czo4OiJQYW1wbG9uYSI7aToyNjtzOjEwOiJQYW1wbG9uaXRhIjtpOjI3O3M6MTY6IlB1ZXJ0byBTYW50YW5kZXIiO2k6Mjg7czoxMDoiUmFnb252YWxpYSI7aToyOTtzOjIxOiJTYWxhemFyIGRlIExhcyBQYWxtYXMiO2k6MzA7czoxMToiU2FuIENhbGl4dG8iO2k6MzE7czoxMjoiU2FuIENheWV0YW5vIjtpOjMyO3M6ODoiU2FudGlhZ28iO2k6MzM7czoyMjoiU2FudG8gRG9taW5nbyBkZSBTaWxvcyI7aTozNDtzOjk6IlNhcmRpbmF0YSI7aTozNTtzOjc6IlRlb3JhbWEiO2k6MzY7czo1OiJUaWLDuiI7aTozNztzOjY6IlRvbGVkbyI7aTozODtzOjEwOiJWaWxsYSBDYXJvIjtpOjM5O3M6MTc6IlZpbGxhIGRlbCBSb3NhcmlvIjt9fWk6MjI7YTozOntzOjI6ImlkIjtpOjIyO3M6MTI6ImRlcGFydGFtZW50byI7czo4OiJQdXR1bWF5byI7czo4OiJjaXVkYWRlcyI7YToxMzp7aTowO3M6NjoiQ29sw7NuIjtpOjE7czo1OiJNb2NvYSI7aToyO3M6NToiT3JpdG8iO2k6MztzOjEyOiJQdWVydG8gQXPDrXMiO2k6NDtzOjE0OiJQdWVydG8gQ2FpY2VkbyI7aTo1O3M6MTQ6IlB1ZXJ0byBHdXptw6FuIjtpOjY7czoxNzoiUHVlcnRvIExlZ3XDrXphbW8iO2k6NztzOjEzOiJTYW4gRnJhbmNpc2NvIjtpOjg7czoxMDoiU2FuIE1pZ3VlbCI7aTo5O3M6ODoiU2FudGlhZ28iO2k6MTA7czo4OiJTaWJ1bmRveSI7aToxMTtzOjE3OiJWYWxsZSBkZWwgR3VhbXVleiI7aToxMjtzOjEyOiJWaWxsYWdhcnrDs24iO319aToyMzthOjM6e3M6MjoiaWQiO2k6MjM7czoxMjoiZGVwYXJ0YW1lbnRvIjtzOjg6IlF1aW5kw61vIjtzOjg6ImNpdWRhZGVzIjthOjEyOntpOjA7czo3OiJBcm1lbmlhIjtpOjE7czoxMDoiQnVlbmF2aXN0YSI7aToyO3M6ODoiQ2FsYXJjw6EiO2k6MztzOjg6IkNpcmNhc2lhIjtpOjQ7czo4OiJDw7NyZG9iYSI7aTo1O3M6ODoiRmlsYW5kaWEiO2k6NjtzOjc6IkfDqW5vdmEiO2k6NztzOjEwOiJMYSBUZWJhaWRhIjtpOjg7czoxMDoiTW9udGVuZWdybyI7aTo5O3M6NToiUGlqYW8iO2k6MTA7czo4OiJRdWltYmF5YSI7aToxMTtzOjc6IlNhbGVudG8iO319aToyNDthOjM6e3M6MjoiaWQiO2k6MjQ7czoxMjoiZGVwYXJ0YW1lbnRvIjtzOjk6IlJpc2FyYWxkYSI7czo4OiJjaXVkYWRlcyI7YToxNDp7aTowO3M6NToiQXDDrWEiO2k6MTtzOjY6IkJhbGJvYSI7aToyO3M6MTc6IkJlbMOpbiBkZSBVbWJyw61hIjtpOjM7czoxMjoiRG9zcXVlYnJhZGFzIjtpOjQ7czo4OiJHdcOhdGljYSI7aTo1O3M6ODoiTGEgQ2VsaWEiO2k6NjtzOjExOiJMYSBWaXJnaW5pYSI7aTo3O3M6ODoiTWFyc2VsbGEiO2k6ODtzOjk6Ik1pc3RyYXTDsyI7aTo5O3M6NzoiUGVyZWlyYSI7aToxMDtzOjExOiJQdWVibG8gUmljbyI7aToxMTtzOjk6IlF1aW5jaMOtYSI7aToxMjtzOjE5OiJTYW50YSBSb3NhIGRlIENhYmFsIjtpOjEzO3M6OToiU2FudHVhcmlvIjt9fWk6MjU7YTozOntzOjI6ImlkIjtpOjI1O3M6MTI6ImRlcGFydGFtZW50byI7czoyNToiU2FuIEFuZHLDqXMgeSBQcm92aWRlbmNpYSI7czo4OiJjaXVkYWRlcyI7YToyOntpOjA7czozNDoiUHJvdmlkZW5jaWEgeSBTYW50YSBDYXRhbGluYSBJc2xhcyI7aToxO3M6MTE6IlNhbiBBbmRyw6lzIjt9fWk6MjY7YTozOntzOjI6ImlkIjtpOjI2O3M6MTI6ImRlcGFydGFtZW50byI7czo5OiJTYW50YW5kZXIiO3M6ODoiY2l1ZGFkZXMiO2E6ODc6e2k6MDtzOjY6IkFndWFkYSI7aToxO3M6NzoiQWxiYW5pYSI7aToyO3M6NzoiQXJhdG9jYSI7aTozO3M6NzoiQmFyYm9zYSI7aTo0O3M6OToiQmFyaWNoYXJhIjtpOjU7czoxNToiQmFycmFuY2FiZXJtZWphIjtpOjY7czo3OiJCZXR1bGlhIjtpOjc7czo4OiJCb2zDrXZhciI7aTo4O3M6MTE6IkJ1Y2FyYW1hbmdhIjtpOjk7czo3OiJDYWJyZXJhIjtpOjEwO3M6MTA6IkNhbGlmb3JuaWEiO2k6MTE7czoxMDoiQ2FwaXRhbmVqbyI7aToxMjtzOjg6IkNhcmNhc8OtIjtpOjEzO3M6NzoiQ2VwaXTDoSI7aToxNDtzOjc6IkNlcnJpdG8iO2k6MTU7czo4OiJDaGFyYWzDoSI7aToxNjtzOjY6IkNoYXJ0YSI7aToxNztzOjU6IkNoaW1hIjtpOjE4O3M6ODoiQ2hpcGF0w6EiO2k6MTk7czo5OiJDaW1pdGFycmEiO2k6MjA7czoxMToiQ29uY2VwY2nDs24iO2k6MjE7czo4OiJDb25maW5lcyI7aToyMjtzOjEzOiJDb250cmF0YWNpw7NuIjtpOjIzO3M6ODoiQ29yb21vcm8iO2k6MjQ7czo3OiJDdXJpdMOtIjtpOjI1O3M6MjE6IkVsIENhcm1lbiBkZSBDaHVjdXLDrSI7aToyNjtzOjEyOiJFbCBHdWFjYW1heW8iO2k6Mjc7czoxMDoiRWwgUGXDscOzbiI7aToyODtzOjEwOiJFbCBQbGF5w7NuIjtpOjI5O3M6MTA6IkVsIFNvY29ycm8iO2k6MzA7czo2OiJFbmNpbm8iO2k6MzE7czo2OiJFbmNpc28iO2k6MzI7czo4OiJGbG9yacOhbiI7aTozMztzOjEzOiJGbG9yaWRhYmxhbmNhIjtpOjM0O3M6NjoiR2Fsw6FuIjtpOjM1O3M6ODoiR8OhbWJpdGEiO2k6MzY7czo2OiJHaXLDs24iO2k6Mzc7czo1OiJHdWFjYSI7aTozODtzOjk6Ikd1YWRhbHVwZSI7aTozOTtzOjg6Ikd1YXBvdMOhIjtpOjQwO3M6ODoiR3VhdmF0w6EiO2k6NDE7czo3OiJHw7xlcHNhIjtpOjQyO3M6NDoiSGF0byI7aTo0MztzOjEzOiJKZXPDunMgTWFyw61hIjtpOjQ0O3M6NzoiSm9yZMOhbiI7aTo0NTtzOjEwOiJMYSBCZWxsZXphIjtpOjQ2O3M6NjoiTGEgUGF6IjtpOjQ3O3M6MTA6IkxhbmTDoXp1cmkiO2k6NDg7czo3OiJMZWJyaWphIjtpOjQ5O3M6MTA6IkxvcyBTYW50b3MiO2k6NTA7czoxMDoiTWFjYXJhdml0YSI7aTo1MTtzOjc6Ik3DoWxhZ2EiO2k6NTI7czo3OiJNYXRhbnphIjtpOjUzO3M6NzoiTW9nb3RlcyI7aTo1NDtzOjEwOiJNb2xhZ2F2aXRhIjtpOjU1O3M6ODoiT2NhbW9udGUiO2k6NTY7czo0OiJPaWJhIjtpOjU3O3M6NjoiT256YWdhIjtpOjU4O3M6NjoiUGFsbWFyIjtpOjU5O3M6MTg6IlBhbG1hcyBkZWwgU29jb3JybyI7aTo2MDtzOjc6IlDDoXJhbW8iO2k6NjE7czoxMToiUGllZGVjdWVzdGEiO2k6NjI7czo4OiJQaW5jaG90ZSI7aTo2MztzOjE1OiJQdWVudGUgTmFjaW9uYWwiO2k6NjQ7czoxMjoiUHVlcnRvIFBhcnJhIjtpOjY1O3M6MTQ6IlB1ZXJ0byBXaWxjaGVzIjtpOjY2O3M6ODoiUmlvbmVncm8iO2k6Njc7czoxNjoiU2FiYW5hIGRlIFRvcnJlcyI7aTo2ODtzOjExOiJTYW4gQW5kcsOpcyI7aTo2OTtzOjEwOiJTYW4gQmVuaXRvIjtpOjcwO3M6NzoiU2FuIEdpbCI7aTo3MTtzOjEyOiJTYW4gSm9hcXXDrW4iO2k6NzI7czoyMDoiU2FuIEpvc8OpIGRlIE1pcmFuZGEiO2k6NzM7czoxMDoiU2FuIE1pZ3VlbCI7aTo3NDtzOjIzOiJTYW4gVmljZW50ZSBkZSBDaHVjdXLDrSI7aTo3NTtzOjE0OiJTYW50YSBCw6FyYmFyYSI7aTo3NjtzOjIyOiJTYW50YSBIZWxlbmEgZGVsIE9ww7NuIjtpOjc3O3M6ODoiU2ltYWNvdGEiO2k6Nzg7czo2OiJTdWFpdGEiO2k6Nzk7czo1OiJTdWNyZSI7aTo4MDtzOjc6IlN1cmF0w6EiO2k6ODE7czo0OiJUb25hIjtpOjgyO3M6MTg6IlZhbGxlIGRlIFNhbiBKb3PDqSI7aTo4MztzOjY6IlbDqWxleiI7aTo4NDtzOjU6IlZldGFzIjtpOjg1O3M6MTA6IlZpbGxhbnVldmEiO2k6ODY7czo4OiJaYXBhdG9jYSI7fX1pOjI3O2E6Mzp7czoyOiJpZCI7aToyNztzOjEyOiJkZXBhcnRhbWVudG8iO3M6NToiU3VjcmUiO3M6ODoiY2l1ZGFkZXMiO2E6MjY6e2k6MDtzOjEwOiJCdWVuYXZpc3RhIjtpOjE7czo3OiJDYWltaXRvIjtpOjI7czo3OiJDaGFsw6FuIjtpOjM7czo3OiJDb2xvc8OzIjtpOjQ7czo3OiJDb3JvemFsIjtpOjU7czo4OiJDb3Zlw7FhcyI7aTo2O3M6ODoiRWwgUm9ibGUiO2k6NztzOjc6IkdhbGVyYXMiO2k6ODtzOjg6Ikd1YXJhbmRhIjtpOjk7czo5OiJMYSBVbmnDs24iO2k6MTA7czoxMjoiTG9zIFBhbG1pdG9zIjtpOjExO3M6ODoiTWFqYWd1YWwiO2k6MTI7czo2OiJNb3Jyb2EiO2k6MTM7czo2OiJPdmVqYXMiO2k6MTQ7czo4OiJTYW1wdcOpcyI7aToxNTtzOjIyOiJTYW4gQW50b25pbyBkZSBQYWxtaXRvIjtpOjE2O3M6MTU6IlNhbiBCZW5pdG8gQWJhZCI7aToxNztzOjE5OiJTYW4gSnVhbiBkZSBCZXR1bGlhIjtpOjE4O3M6MTA6IlNhbiBNYXJjb3MiO2k6MTk7czoxMDoiU2FuIE9ub2ZyZSI7aToyMDtzOjk6IlNhbiBQZWRybyI7aToyMTtzOjY6IlNpbmPDqSI7aToyMjtzOjk6IlNpbmNlbGVqbyI7aToyMztzOjU6IlN1Y3JlIjtpOjI0O3M6NToiVG9sw7oiO2k6MjU7czoxMToiVG9sw7ogVmllam8iO319aToyODthOjM6e3M6MjoiaWQiO2k6Mjg7czoxMjoiZGVwYXJ0YW1lbnRvIjtzOjY6IlRvbGltYSI7czo4OiJjaXVkYWRlcyI7YTo0Nzp7aTowO3M6OToiQWxwdWphcnJhIjtpOjE7czo4OiJBbHZhcmFkbyI7aToyO3M6ODoiQW1iYWxlbWEiO2k6MztzOjExOiJBbnpvw6F0ZWd1aSI7aTo0O3M6NjoiQXJtZXJvIjtpOjU7czo1OiJBdGFjbyI7aTo2O3M6OToiQ2FqYW1hcmNhIjtpOjc7czoxODoiQ2FybWVuIGRlIEFwaWNhbMOhIjtpOjg7czoxMDoiQ2FzYWJpYW5jYSI7aTo5O3M6OToiQ2hhcGFycmFsIjtpOjEwO3M6NjoiQ29lbGxvIjtpOjExO3M6NzoiQ295YWltYSI7aToxMjtzOjY6IkN1bmRheSI7aToxMztzOjc6IkRvbG9yZXMiO2k6MTQ7czoxMDoiRWwgRXNwaW5hbCI7aToxNTtzOjY6IkZhbMOhbiI7aToxNjtzOjc6IkZsYW5kZXMiO2k6MTc7czo2OiJGcmVzbm8iO2k6MTg7czo1OiJHdWFtbyI7aToxOTtzOjY6IkhlcnZlbyI7aToyMDtzOjU6IkhvbmRhIjtpOjIxO3M6NzoiSWJhZ3XDqSI7aToyMjtzOjg6Ikljb25vbnpvIjtpOjIzO3M6NzoiTMOpcmlkYSI7aToyNDtzOjc6IkzDrWJhbm8iO2k6MjU7czo5OiJNYXJpcXVpdGEiO2k6MjY7czo2OiJNZWxnYXIiO2k6Mjc7czo3OiJNdXJpbGxvIjtpOjI4O3M6OToiTmF0YWdhaW1hIjtpOjI5O3M6NjoiT3J0ZWdhIjtpOjMwO3M6MTE6IlBhbG9jYWJpbGRvIjtpOjMxO3M6NzoiUGllZHJhcyI7aTozMjtzOjg6IlBsYW5hZGFzIjtpOjMzO3M6NToiUHJhZG8iO2k6MzQ7czoxMzoiUHVyaWZpY2FjacOzbiI7aTozNTtzOjk6IlJpb2JsYW5jbyI7aTozNjtzOjEyOiJSb25jZXN2YWxsZXMiO2k6Mzc7czo2OiJSb3ZpcmEiO2k6Mzg7czo4OiJTYWxkYcOxYSI7aTozOTtzOjExOiJTYW4gQW50b25pbyI7aTo0MDtzOjg6IlNhbiBMdWlzIjtpOjQxO3M6MTI6IlNhbnRhIElzYWJlbCI7aTo0MjtzOjc6IlN1w6FyZXoiO2k6NDM7czoxNzoiVmFsbGUgZGUgU2FuIEp1YW4iO2k6NDQ7czo5OiJWZW5hZGlsbG8iO2k6NDU7czoxMjoiVmlsbGFoZXJtb3NhIjtpOjQ2O3M6MTA6IlZpbGxhcnJpY2EiO319aToyOTthOjM6e3M6MjoiaWQiO2k6Mjk7czoxMjoiZGVwYXJ0YW1lbnRvIjtzOjE1OiJWYWxsZSBkZWwgQ2F1Y2EiO3M6ODoiY2l1ZGFkZXMiO2E6NDI6e2k6MDtzOjc6IkFsY2Fsw6EiO2k6MTtzOjEwOiJBbmRhbHVjw61hIjtpOjI7czoxMjoiQW5zZXJtYW51ZXZvIjtpOjM7czo3OiJBcmdlbGlhIjtpOjQ7czo4OiJCb2zDrXZhciI7aTo1O3M6MTI6IkJ1ZW5hdmVudHVyYSI7aTo2O3M6NDoiQnVnYSI7aTo3O3M6MTI6IkJ1Z2FsYWdyYW5kZSI7aTo4O3M6MTA6IkNhaWNlZG9uaWEiO2k6OTtzOjQ6IkNhbGkiO2k6MTA7czo2OiJDYWxpbWEiO2k6MTE7czoxMDoiQ2FuZGVsYXJpYSI7aToxMjtzOjc6IkNhcnRhZ28iO2k6MTM7czo1OiJEYWd1YSI7aToxNDtzOjEwOiJFbCDDgWd1aWxhIjtpOjE1O3M6ODoiRWwgQ2Fpcm8iO2k6MTY7czoxMDoiRWwgQ2Vycml0byI7aToxNztzOjg6IkVsIERvdmlvIjtpOjE4O3M6NzoiRmxvcmlkYSI7aToxOTtzOjc6IkdpbmVicmEiO2k6MjA7czo4OiJHdWFjYXLDrSI7aToyMTtzOjg6IkphbXVuZMOtIjtpOjIyO3M6OToiTGEgQ3VtYnJlIjtpOjIzO3M6OToiTGEgVW5pw7NuIjtpOjI0O3M6MTE6IkxhIFZpY3RvcmlhIjtpOjI1O3M6NjoiT2JhbmRvIjtpOjI2O3M6NzoiUGFsbWlyYSI7aToyNztzOjc6IlByYWRlcmEiO2k6Mjg7czo4OiJSZXN0cmVwbyI7aToyOTtzOjg6IlJpb2Zyw61vIjtpOjMwO3M6MTA6IlJvbGRhbmlsbG8iO2k6MzE7czo5OiJTYW4gUGVkcm8iO2k6MzI7czo3OiJTZXZpbGxhIjtpOjMzO3M6NDoiVG9ybyI7aTozNDtzOjg6IlRydWppbGxvIjtpOjM1O3M6NjoiVHVsdcOhIjtpOjM2O3M6NToiVWxsb2EiO2k6Mzc7czo5OiJWZXJzYWxsZXMiO2k6Mzg7czo1OiJWaWplcyI7aTozOTtzOjY6IllvdG9jbyI7aTo0MDtzOjU6Ill1bWJvIjtpOjQxO3M6NjoiWmFyemFsIjt9fWk6MzA7YTozOntzOjI6ImlkIjtpOjMwO3M6MTI6ImRlcGFydGFtZW50byI7czo3OiJWYXVww6lzIjtzOjg6ImNpdWRhZGVzIjthOjM6e2k6MDtzOjc6IkNhcnVyw7oiO2k6MTtzOjU6Ik1pdMO6IjtpOjI7czo3OiJUYXJhaXJhIjt9fWk6MzE7YTozOntzOjI6ImlkIjtpOjMxO3M6MTI6ImRlcGFydGFtZW50byI7czo3OiJWaWNoYWRhIjtzOjg6ImNpdWRhZGVzIjthOjQ6e2k6MDtzOjg6IkN1bWFyaWJvIjtpOjE7czoxMjoiTGEgUHJpbWF2ZXJhIjtpOjI7czoxNToiUHVlcnRvIENhcnJlw7FvIjtpOjM7czoxNDoiU2FudGEgUm9zYWzDrWEiO319fXM6Mjg6IgAqAGVzY2FwZVdoZW5DYXN0aW5nVG9TdHJpbmciO2I6MDt9',2075850681);
CREATE TABLE IF NOT EXISTS "cache_locks" ("key" varchar not null, "owner" varchar not null, "expiration" integer not null, primary key ("key"));
CREATE TABLE IF NOT EXISTS "jobs" ("id" integer primary key autoincrement not null, "queue" varchar not null, "payload" text not null, "attempts" integer not null, "reserved_at" integer, "available_at" integer not null, "created_at" integer not null);
CREATE TABLE IF NOT EXISTS "job_batches" ("id" varchar not null, "name" varchar not null, "total_jobs" integer not null, "pending_jobs" integer not null, "failed_jobs" integer not null, "failed_job_ids" text not null, "options" text, "cancelled_at" integer, "created_at" integer not null, "finished_at" integer, primary key ("id"));
CREATE TABLE IF NOT EXISTS "failed_jobs" ("id" integer primary key autoincrement not null, "uuid" varchar not null, "connection" text not null, "queue" text not null, "payload" text not null, "exception" text not null, "failed_at" datetime not null default CURRENT_TIMESTAMP);
CREATE TABLE IF NOT EXISTS "permissions" ("id" integer primary key autoincrement not null, "name" varchar not null, "guard_name" varchar not null, "created_at" datetime, "updated_at" datetime);
INSERT INTO permissions VALUES(1,'view_article','web','2025-10-08 00:59:53','2025-10-08 00:59:53');
INSERT INTO permissions VALUES(2,'view_any_article','web','2025-10-08 00:59:53','2025-10-08 00:59:53');
INSERT INTO permissions VALUES(3,'create_article','web','2025-10-08 00:59:53','2025-10-08 00:59:53');
INSERT INTO permissions VALUES(4,'update_article','web','2025-10-08 00:59:53','2025-10-08 00:59:53');
INSERT INTO permissions VALUES(5,'delete_article','web','2025-10-08 00:59:53','2025-10-08 00:59:53');
INSERT INTO permissions VALUES(6,'delete_any_article','web','2025-10-08 00:59:53','2025-10-08 00:59:53');
INSERT INTO permissions VALUES(7,'view_bodega','web','2025-10-08 00:59:53','2025-10-08 00:59:53');
INSERT INTO permissions VALUES(8,'view_any_bodega','web','2025-10-08 00:59:53','2025-10-08 00:59:53');
INSERT INTO permissions VALUES(9,'create_bodega','web','2025-10-08 00:59:53','2025-10-08 00:59:53');
INSERT INTO permissions VALUES(10,'update_bodega','web','2025-10-08 00:59:53','2025-10-08 00:59:53');
INSERT INTO permissions VALUES(11,'delete_bodega','web','2025-10-08 00:59:53','2025-10-08 00:59:53');
INSERT INTO permissions VALUES(12,'delete_any_bodega','web','2025-10-08 00:59:53','2025-10-08 00:59:53');
INSERT INTO permissions VALUES(13,'view_caja','web','2025-10-08 00:59:53','2025-10-08 00:59:53');
INSERT INTO permissions VALUES(14,'view_any_caja','web','2025-10-08 00:59:53','2025-10-08 00:59:53');
INSERT INTO permissions VALUES(15,'create_caja','web','2025-10-08 00:59:53','2025-10-08 00:59:53');
INSERT INTO permissions VALUES(16,'update_caja','web','2025-10-08 00:59:53','2025-10-08 00:59:53');
INSERT INTO permissions VALUES(17,'delete_caja','web','2025-10-08 00:59:53','2025-10-08 00:59:53');
INSERT INTO permissions VALUES(18,'delete_any_caja','web','2025-10-08 00:59:53','2025-10-08 00:59:53');
INSERT INTO permissions VALUES(19,'view_cliente','web','2025-10-08 00:59:53','2025-10-08 00:59:53');
INSERT INTO permissions VALUES(20,'view_any_cliente','web','2025-10-08 00:59:53','2025-10-08 00:59:53');
INSERT INTO permissions VALUES(21,'create_cliente','web','2025-10-08 00:59:53','2025-10-08 00:59:53');
INSERT INTO permissions VALUES(22,'update_cliente','web','2025-10-08 00:59:53','2025-10-08 00:59:53');
INSERT INTO permissions VALUES(23,'delete_cliente','web','2025-10-08 00:59:53','2025-10-08 00:59:53');
INSERT INTO permissions VALUES(24,'delete_any_cliente','web','2025-10-08 00:59:53','2025-10-08 00:59:53');
INSERT INTO permissions VALUES(25,'view_compra','web','2025-10-08 00:59:53','2025-10-08 00:59:53');
INSERT INTO permissions VALUES(26,'view_any_compra','web','2025-10-08 00:59:53','2025-10-08 00:59:53');
INSERT INTO permissions VALUES(27,'create_compra','web','2025-10-08 00:59:53','2025-10-08 00:59:53');
INSERT INTO permissions VALUES(28,'update_compra','web','2025-10-08 00:59:53','2025-10-08 00:59:53');
INSERT INTO permissions VALUES(29,'delete_compra','web','2025-10-08 00:59:53','2025-10-08 00:59:53');
INSERT INTO permissions VALUES(30,'delete_any_compra','web','2025-10-08 00:59:53','2025-10-08 00:59:53');
INSERT INTO permissions VALUES(31,'view_insumo','web','2025-10-08 00:59:53','2025-10-08 00:59:53');
INSERT INTO permissions VALUES(32,'view_any_insumo','web','2025-10-08 00:59:53','2025-10-08 00:59:53');
INSERT INTO permissions VALUES(33,'create_insumo','web','2025-10-08 00:59:53','2025-10-08 00:59:53');
INSERT INTO permissions VALUES(34,'update_insumo','web','2025-10-08 00:59:53','2025-10-08 00:59:53');
INSERT INTO permissions VALUES(35,'delete_insumo','web','2025-10-08 00:59:53','2025-10-08 00:59:53');
INSERT INTO permissions VALUES(36,'delete_any_insumo','web','2025-10-08 00:59:53','2025-10-08 00:59:53');
INSERT INTO permissions VALUES(37,'view_permission','web','2025-10-08 00:59:53','2025-10-08 00:59:53');
INSERT INTO permissions VALUES(38,'view_any_permission','web','2025-10-08 00:59:53','2025-10-08 00:59:53');
INSERT INTO permissions VALUES(39,'create_permission','web','2025-10-08 00:59:53','2025-10-08 00:59:53');
INSERT INTO permissions VALUES(40,'update_permission','web','2025-10-08 00:59:53','2025-10-08 00:59:53');
INSERT INTO permissions VALUES(41,'delete_permission','web','2025-10-08 00:59:53','2025-10-08 00:59:53');
INSERT INTO permissions VALUES(42,'delete_any_permission','web','2025-10-08 00:59:53','2025-10-08 00:59:53');
INSERT INTO permissions VALUES(43,'view_recetas','web','2025-10-08 00:59:53','2025-10-08 00:59:53');
INSERT INTO permissions VALUES(44,'view_any_recetas','web','2025-10-08 00:59:53','2025-10-08 00:59:53');
INSERT INTO permissions VALUES(45,'create_recetas','web','2025-10-08 00:59:53','2025-10-08 00:59:53');
INSERT INTO permissions VALUES(46,'update_recetas','web','2025-10-08 00:59:53','2025-10-08 00:59:53');
INSERT INTO permissions VALUES(47,'delete_recetas','web','2025-10-08 00:59:53','2025-10-08 00:59:53');
INSERT INTO permissions VALUES(48,'delete_any_recetas','web','2025-10-08 00:59:53','2025-10-08 00:59:53');
INSERT INTO permissions VALUES(49,'view_role','web','2025-10-08 00:59:53','2025-10-08 00:59:53');
INSERT INTO permissions VALUES(50,'view_any_role','web','2025-10-08 00:59:53','2025-10-08 00:59:53');
INSERT INTO permissions VALUES(51,'create_role','web','2025-10-08 00:59:53','2025-10-08 00:59:53');
INSERT INTO permissions VALUES(52,'update_role','web','2025-10-08 00:59:53','2025-10-08 00:59:53');
INSERT INTO permissions VALUES(53,'delete_role','web','2025-10-08 00:59:53','2025-10-08 00:59:53');
INSERT INTO permissions VALUES(54,'delete_any_role','web','2025-10-08 00:59:53','2025-10-08 00:59:53');
INSERT INTO permissions VALUES(55,'view_sesion_caja','web','2025-10-08 00:59:53','2025-10-08 00:59:53');
INSERT INTO permissions VALUES(56,'view_any_sesion_caja','web','2025-10-08 00:59:53','2025-10-08 00:59:53');
INSERT INTO permissions VALUES(57,'create_sesion_caja','web','2025-10-08 00:59:53','2025-10-08 00:59:53');
INSERT INTO permissions VALUES(58,'update_sesion_caja','web','2025-10-08 00:59:53','2025-10-08 00:59:53');
INSERT INTO permissions VALUES(59,'delete_sesion_caja','web','2025-10-08 00:59:53','2025-10-08 00:59:53');
INSERT INTO permissions VALUES(60,'delete_any_sesion_caja','web','2025-10-08 00:59:53','2025-10-08 00:59:53');
INSERT INTO permissions VALUES(61,'view_suppliers','web','2025-10-08 00:59:53','2025-10-08 00:59:53');
INSERT INTO permissions VALUES(62,'view_any_suppliers','web','2025-10-08 00:59:53','2025-10-08 00:59:53');
INSERT INTO permissions VALUES(63,'create_suppliers','web','2025-10-08 00:59:53','2025-10-08 00:59:53');
INSERT INTO permissions VALUES(64,'update_suppliers','web','2025-10-08 00:59:53','2025-10-08 00:59:53');
INSERT INTO permissions VALUES(65,'delete_suppliers','web','2025-10-08 00:59:53','2025-10-08 00:59:53');
INSERT INTO permissions VALUES(66,'delete_any_suppliers','web','2025-10-08 00:59:53','2025-10-08 00:59:53');
INSERT INTO permissions VALUES(67,'view_user','web','2025-10-08 00:59:53','2025-10-08 00:59:53');
INSERT INTO permissions VALUES(68,'view_any_user','web','2025-10-08 00:59:53','2025-10-08 00:59:53');
INSERT INTO permissions VALUES(69,'create_user','web','2025-10-08 00:59:53','2025-10-08 00:59:53');
INSERT INTO permissions VALUES(70,'update_user','web','2025-10-08 00:59:53','2025-10-08 00:59:53');
INSERT INTO permissions VALUES(71,'delete_user','web','2025-10-08 00:59:53','2025-10-08 00:59:53');
INSERT INTO permissions VALUES(72,'delete_any_user','web','2025-10-08 00:59:53','2025-10-08 00:59:53');
INSERT INTO permissions VALUES(73,'view_venta','web','2025-10-08 00:59:53','2025-10-08 00:59:53');
INSERT INTO permissions VALUES(74,'view_any_venta','web','2025-10-08 00:59:53','2025-10-08 00:59:53');
INSERT INTO permissions VALUES(75,'create_venta','web','2025-10-08 00:59:53','2025-10-08 00:59:53');
INSERT INTO permissions VALUES(76,'update_venta','web','2025-10-08 00:59:53','2025-10-08 00:59:53');
INSERT INTO permissions VALUES(77,'delete_venta','web','2025-10-08 00:59:53','2025-10-08 00:59:53');
INSERT INTO permissions VALUES(78,'delete_any_venta','web','2025-10-08 00:59:53','2025-10-08 00:59:53');
INSERT INTO permissions VALUES(79,'change_bodega','web','2025-10-08 00:59:53','2025-10-08 00:59:53');
CREATE TABLE IF NOT EXISTS "roles" ("id" integer primary key autoincrement not null, "name" varchar not null, "guard_name" varchar not null, "created_at" datetime, "updated_at" datetime);
INSERT INTO roles VALUES(1,'admin','web','2025-10-08 00:59:53','2025-10-08 00:59:53');
INSERT INTO roles VALUES(2,'Vendedor','web','2025-10-08 01:05:19','2025-10-08 01:05:19');
INSERT INTO roles VALUES(3,'Administrador','web','2025-10-08 16:36:38','2025-10-08 16:36:38');
INSERT INTO roles VALUES(4,'Supervisor','web','2025-10-08 17:47:58','2025-10-08 17:47:58');
CREATE TABLE IF NOT EXISTS "model_has_permissions" ("permission_id" integer not null, "model_type" varchar not null, "model_id" integer not null, foreign key("permission_id") references "permissions"("id") on delete cascade, primary key ("permission_id", "model_id", "model_type"));
CREATE TABLE IF NOT EXISTS "model_has_roles" ("role_id" integer not null, "model_type" varchar not null, "model_id" integer not null, foreign key("role_id") references "roles"("id") on delete cascade, primary key ("role_id", "model_id", "model_type"));
INSERT INTO model_has_roles VALUES(1,'App\Models\User',1);
INSERT INTO model_has_roles VALUES(2,'App\Models\User',2);
CREATE TABLE IF NOT EXISTS "role_has_permissions" ("permission_id" integer not null, "role_id" integer not null, foreign key("permission_id") references "permissions"("id") on delete cascade, foreign key("role_id") references "roles"("id") on delete cascade, primary key ("permission_id", "role_id"));
INSERT INTO role_has_permissions VALUES(1,1);
INSERT INTO role_has_permissions VALUES(2,1);
INSERT INTO role_has_permissions VALUES(3,1);
INSERT INTO role_has_permissions VALUES(4,1);
INSERT INTO role_has_permissions VALUES(5,1);
INSERT INTO role_has_permissions VALUES(6,1);
INSERT INTO role_has_permissions VALUES(7,1);
INSERT INTO role_has_permissions VALUES(8,1);
INSERT INTO role_has_permissions VALUES(9,1);
INSERT INTO role_has_permissions VALUES(10,1);
INSERT INTO role_has_permissions VALUES(11,1);
INSERT INTO role_has_permissions VALUES(12,1);
INSERT INTO role_has_permissions VALUES(13,1);
INSERT INTO role_has_permissions VALUES(14,1);
INSERT INTO role_has_permissions VALUES(15,1);
INSERT INTO role_has_permissions VALUES(16,1);
INSERT INTO role_has_permissions VALUES(17,1);
INSERT INTO role_has_permissions VALUES(18,1);
INSERT INTO role_has_permissions VALUES(19,1);
INSERT INTO role_has_permissions VALUES(20,1);
INSERT INTO role_has_permissions VALUES(21,1);
INSERT INTO role_has_permissions VALUES(22,1);
INSERT INTO role_has_permissions VALUES(23,1);
INSERT INTO role_has_permissions VALUES(24,1);
INSERT INTO role_has_permissions VALUES(25,1);
INSERT INTO role_has_permissions VALUES(26,1);
INSERT INTO role_has_permissions VALUES(27,1);
INSERT INTO role_has_permissions VALUES(28,1);
INSERT INTO role_has_permissions VALUES(29,1);
INSERT INTO role_has_permissions VALUES(30,1);
INSERT INTO role_has_permissions VALUES(31,1);
INSERT INTO role_has_permissions VALUES(32,1);
INSERT INTO role_has_permissions VALUES(33,1);
INSERT INTO role_has_permissions VALUES(34,1);
INSERT INTO role_has_permissions VALUES(35,1);
INSERT INTO role_has_permissions VALUES(36,1);
INSERT INTO role_has_permissions VALUES(37,1);
INSERT INTO role_has_permissions VALUES(38,1);
INSERT INTO role_has_permissions VALUES(39,1);
INSERT INTO role_has_permissions VALUES(40,1);
INSERT INTO role_has_permissions VALUES(41,1);
INSERT INTO role_has_permissions VALUES(42,1);
INSERT INTO role_has_permissions VALUES(43,1);
INSERT INTO role_has_permissions VALUES(44,1);
INSERT INTO role_has_permissions VALUES(45,1);
INSERT INTO role_has_permissions VALUES(46,1);
INSERT INTO role_has_permissions VALUES(47,1);
INSERT INTO role_has_permissions VALUES(48,1);
INSERT INTO role_has_permissions VALUES(49,1);
INSERT INTO role_has_permissions VALUES(50,1);
INSERT INTO role_has_permissions VALUES(51,1);
INSERT INTO role_has_permissions VALUES(52,1);
INSERT INTO role_has_permissions VALUES(53,1);
INSERT INTO role_has_permissions VALUES(54,1);
INSERT INTO role_has_permissions VALUES(55,1);
INSERT INTO role_has_permissions VALUES(56,1);
INSERT INTO role_has_permissions VALUES(57,1);
INSERT INTO role_has_permissions VALUES(58,1);
INSERT INTO role_has_permissions VALUES(59,1);
INSERT INTO role_has_permissions VALUES(60,1);
INSERT INTO role_has_permissions VALUES(61,1);
INSERT INTO role_has_permissions VALUES(62,1);
INSERT INTO role_has_permissions VALUES(63,1);
INSERT INTO role_has_permissions VALUES(64,1);
INSERT INTO role_has_permissions VALUES(65,1);
INSERT INTO role_has_permissions VALUES(66,1);
INSERT INTO role_has_permissions VALUES(67,1);
INSERT INTO role_has_permissions VALUES(68,1);
INSERT INTO role_has_permissions VALUES(69,1);
INSERT INTO role_has_permissions VALUES(70,1);
INSERT INTO role_has_permissions VALUES(71,1);
INSERT INTO role_has_permissions VALUES(72,1);
INSERT INTO role_has_permissions VALUES(73,1);
INSERT INTO role_has_permissions VALUES(74,1);
INSERT INTO role_has_permissions VALUES(75,1);
INSERT INTO role_has_permissions VALUES(76,1);
INSERT INTO role_has_permissions VALUES(77,1);
INSERT INTO role_has_permissions VALUES(78,1);
INSERT INTO role_has_permissions VALUES(79,1);
INSERT INTO role_has_permissions VALUES(1,2);
INSERT INTO role_has_permissions VALUES(2,2);
INSERT INTO role_has_permissions VALUES(7,2);
INSERT INTO role_has_permissions VALUES(8,2);
INSERT INTO role_has_permissions VALUES(13,2);
INSERT INTO role_has_permissions VALUES(14,2);
INSERT INTO role_has_permissions VALUES(15,2);
INSERT INTO role_has_permissions VALUES(19,2);
INSERT INTO role_has_permissions VALUES(20,2);
INSERT INTO role_has_permissions VALUES(27,2);
INSERT INTO role_has_permissions VALUES(57,2);
INSERT INTO role_has_permissions VALUES(1,3);
INSERT INTO role_has_permissions VALUES(2,3);
INSERT INTO role_has_permissions VALUES(5,3);
INSERT INTO role_has_permissions VALUES(3,3);
INSERT INTO role_has_permissions VALUES(4,3);
INSERT INTO role_has_permissions VALUES(8,3);
INSERT INTO role_has_permissions VALUES(11,3);
INSERT INTO role_has_permissions VALUES(7,3);
INSERT INTO role_has_permissions VALUES(10,3);
INSERT INTO role_has_permissions VALUES(12,3);
INSERT INTO role_has_permissions VALUES(1,4);
INSERT INTO role_has_permissions VALUES(3,4);
INSERT INTO role_has_permissions VALUES(7,4);
INSERT INTO role_has_permissions VALUES(8,4);
CREATE TABLE IF NOT EXISTS "suppliers" ("id" integer primary key autoincrement not null, "name" varchar not null, "responsible" varchar, "email" varchar, "phone" varchar, "address" varchar, "created_at" datetime, "updated_at" datetime);
CREATE TABLE IF NOT EXISTS "bodegas" ("id" integer primary key autoincrement not null, "nombre" varchar not null, "direccion" varchar, "tipo" varchar check ("tipo" in ('almacen', 'fabrica')) not null default 'almacen', "encargado_id" integer, "created_at" datetime, "updated_at" datetime, foreign key("encargado_id") references "users"("id") on delete set null);
INSERT INTO bodegas VALUES(1,'Principal','alejandria','almacen',NULL,'2025-10-08 01:03:03','2025-10-08 01:03:03');
CREATE TABLE IF NOT EXISTS "movimiento_inventarios" ("id" integer primary key autoincrement not null, "bodega_id" integer not null, "articles_id" integer not null, "cantidad" integer not null, "tipo" varchar not null, "estado" varchar not null default 'pendiente_confirmacion', "observaciones" text, "creado_por_id" integer, "confirmado_por_id" integer, "confirmado_en" datetime, "created_at" datetime, "updated_at" datetime, foreign key("bodega_id") references "bodegas"("id") on delete cascade, foreign key("articles_id") references "articles"("id") on delete cascade, foreign key("creado_por_id") references "users"("id") on delete set null, foreign key("confirmado_por_id") references "users"("id") on delete set null);
CREATE TABLE IF NOT EXISTS "variantes" ("id" integer primary key autoincrement not null, "article_id" integer not null, "medida" varchar, "color" varchar, "material" varchar, "calidad" varchar, "created_at" datetime, "updated_at" datetime, foreign key("article_id") references "articles"("id") on delete cascade);
CREATE TABLE IF NOT EXISTS "bodega_user" ("id" integer primary key autoincrement not null, "bodega_id" integer not null, "user_id" integer not null, "created_at" datetime, "updated_at" datetime, foreign key("bodega_id") references "bodegas"("id") on delete cascade, foreign key("user_id") references "users"("id") on delete cascade);
CREATE TABLE IF NOT EXISTS "users" ("id" integer primary key autoincrement not null, "name" varchar not null, "email" varchar not null, "email_verified_at" datetime, "password" varchar not null, "remember_token" varchar, "created_at" datetime, "updated_at" datetime, "telefono" varchar, "documento_identidad" varchar, "tipo_documento" varchar default ('CC'), "fecha_nacimiento" date, "genero" varchar, "direccion" varchar, "ciudad" varchar, "cargo" varchar, "estado" tinyint(1) not null default ('1'), "bodega_id" integer, "active_bodega_id" integer, foreign key("bodega_id") references bodegas("id") on delete set null on update no action, foreign key("active_bodega_id") references "bodegas"("id"));
INSERT INTO users VALUES(1,'admin','admin@hollywood.com',NULL,'$2y$12$yM.ZyUiPI.xBohfkI6U5jeUXeaEWNl8jW1Uy.XC.j.YTLODFklCjC',NULL,'2025-10-08 00:59:53','2025-10-08 00:59:53',NULL,NULL,'CC',NULL,NULL,NULL,NULL,NULL,1,NULL,NULL);
INSERT INTO users VALUES(2,'carlos perez','carlos@hollywood.com',NULL,'$2y$12$RuFbZ1N.WM2kfXX0O9y6yuCYX8bRhv3CGijzJREc8Yup4wTajnNnq',NULL,'2025-10-08 16:38:47','2025-10-08 16:38:47','3111111111','1020302','NUIP','1990-01-01','Masculino','frente a la entrada 24','cucuta','vendedor',1,NULL,NULL);
CREATE TABLE IF NOT EXISTS "articles" ("id" integer primary key autoincrement not null, "nombre" varchar not null, "tipo" varchar not null, "codigo" varchar, "descripcion" text, "precio" numeric, "unidad_medida" varchar, "imagen" varchar, "estado" tinyint(1) not null default ('1'), "temporada" varchar, "proveedor_id" integer, "created_at" datetime, "updated_at" datetime, "bodega_id" integer, "fecha_caducidad" datetime, "tipo_detalle" varchar, "cantidad_total" integer not null default '0', foreign key("proveedor_id") references suppliers("id") on delete cascade on update no action, foreign key("bodega_id") references "bodegas"("id") on delete set null);
INSERT INTO articles VALUES(1,'perfume hugo boss','producto','FRA-PER-001','perfumes',8000,'unidad',NULL,1,'enero_rebajas',NULL,'2025-10-08 01:03:30','2025-10-08 01:03:30',NULL,NULL,'fragancia',20);
INSERT INTO articles VALUES(2,'Perfume channel','producto','FRA-PER-002','perfume con aroma a channel ',15000,'unidad',NULL,1,'marzo_dia_mujer',NULL,'2025-10-08 16:26:13','2025-10-08 16:26:13',NULL,NULL,'fragancia',10);
INSERT INTO articles VALUES(3,'Perfume arabe','producto','FRA-PER-003','presentacin de 100ml',15000,'unidad',NULL,1,'enero_rebajas',NULL,'2025-10-08 17:41:52','2025-10-08 17:41:52',NULL,NULL,'fragancia',100);
CREATE TABLE IF NOT EXISTS "clientes" ("id" integer primary key autoincrement not null, "nombre" varchar not null, "documento_identidad" varchar, "telefono" varchar, "email" varchar, "tiene_credito" tinyint(1) not null default '0', "limite_credito" numeric not null default '0', "user_id" integer, "created_at" datetime, "updated_at" datetime, "departamento" varchar, "ciudad" varchar, "direccion" varchar, "dias_credito" integer not null default '0', foreign key("user_id") references "users"("id") on delete set null);
INSERT INTO clientes VALUES(1,'Yener Arismendi','10203040','3154424707','yenerarismendi22@gmail.com',1,500000,NULL,'2025-10-15 01:22:23','2025-10-15 01:25:30','Norte de Santander','Villa del Rosario','calle sin fin 123',30);
CREATE TABLE IF NOT EXISTS "cajas" ("id" integer primary key autoincrement not null, "nombre" varchar not null, "bodega_id" integer not null, "activa" tinyint(1) not null default '1', "created_at" datetime, "updated_at" datetime, foreign key("bodega_id") references "bodegas"("id"));
INSERT INTO cajas VALUES(1,'Tienda Principal',1,1,'2025-10-09 22:44:28','2025-10-09 22:44:28');
CREATE TABLE IF NOT EXISTS "sesion_cajas" ("id" integer primary key autoincrement not null, "caja_id" integer not null, "user_id" integer not null, "monto_inicial" numeric not null, "monto_final_efectivo_calculado" numeric, "monto_final_contado" numeric, "diferencia" numeric, "fecha_apertura" datetime not null, "fecha_cierre" datetime, "estado" varchar check ("estado" in ('abierta', 'cerrada', 'pendiente_aprobacion', 'aprobada')) not null default 'abierta', "aprobado_por_id" integer, "notas_cierre" text, "created_at" datetime, "updated_at" datetime, "total_ventas_efectivo" numeric not null default '0', "total_ventas_transferencia" numeric not null default '0', "total_ventas_credito" numeric not null default '0', foreign key("caja_id") references "cajas"("id"), foreign key("user_id") references "users"("id"), foreign key("aprobado_por_id") references "users"("id"));
INSERT INTO sesion_cajas VALUES(1,1,1,5000000,5000000,5000000,0,'2025-10-09 22:44:45','2025-10-10 01:57:33','aprobada',1,NULL,'2025-10-09 22:44:45','2025-10-10 02:29:35',0,0,0);
INSERT INTO sesion_cajas VALUES(2,1,1,50000,165000,150000,-15000,'2025-10-10 02:30:01','2025-10-10 04:39:21','aprobada',1,NULL,'2025-10-10 02:30:01','2025-10-13 01:19:13',0,0,0);
INSERT INTO sesion_cajas VALUES(3,1,1,1000,9000,10000,1000,'2025-10-13 01:20:07','2025-10-14 21:19:48','pendiente_aprobacion',NULL,NULL,'2025-10-13 01:20:07','2025-10-14 21:19:48',0,0,0);
INSERT INTO sesion_cajas VALUES(4,1,1,1000,31000,15000,-16000,'2025-10-14 21:19:58','2025-10-14 23:04:17','pendiente_aprobacion',NULL,NULL,'2025-10-14 21:19:58','2025-10-14 23:04:17',0,0,0);
INSERT INTO sesion_cajas VALUES(5,1,1,10000,18000,15000,-3000,'2025-10-14 23:37:12','2025-10-14 23:37:43','pendiente_aprobacion',NULL,NULL,'2025-10-14 23:37:12','2025-10-14 23:37:43',8000,30000,0);
CREATE TABLE IF NOT EXISTS "ventas" ("id" integer primary key autoincrement not null, "user_id" integer not null, "bodega_id" integer not null, "cliente_id" integer, "sesion_caja_id" integer not null, "subtotal" numeric not null, "descuento" numeric not null default '0', "total" numeric not null, "metodo_pago" varchar check ("metodo_pago" in ('efectivo', 'transferencia', 'tarjeta', 'credito')) not null, "estado" varchar check ("estado" in ('completada', 'anulada')) not null default 'completada', "created_at" datetime, "updated_at" datetime, foreign key("user_id") references "users"("id"), foreign key("bodega_id") references "bodegas"("id"), foreign key("cliente_id") references "clientes"("id"), foreign key("sesion_caja_id") references "sesion_cajas"("id"));
INSERT INTO ventas VALUES(1,1,1,NULL,2,100000,0,100000,'efectivo','completada','2025-10-10 03:15:07','2025-10-10 03:15:07');
INSERT INTO ventas VALUES(2,1,1,NULL,2,15000,0,15000,'transferencia','completada','2025-10-10 04:21:59','2025-10-10 04:21:59');
INSERT INTO ventas VALUES(3,1,1,NULL,3,8000,0,8000,'efectivo','completada','2025-10-13 19:23:55','2025-10-13 19:23:55');
INSERT INTO ventas VALUES(4,1,1,NULL,4,15000,0,15000,'efectivo','completada','2025-10-14 21:20:07','2025-10-14 21:20:07');
INSERT INTO ventas VALUES(5,1,1,NULL,4,15000,0,15000,'transferencia','completada','2025-10-14 21:20:12','2025-10-14 21:20:12');
INSERT INTO ventas VALUES(6,1,1,NULL,5,8000,0,8000,'efectivo','completada','2025-10-14 23:37:19','2025-10-14 23:37:19');
INSERT INTO ventas VALUES(7,1,1,NULL,5,30000,0,30000,'transferencia','completada','2025-10-14 23:37:25','2025-10-14 23:37:25');
CREATE TABLE IF NOT EXISTS "venta_detalles" ("id" integer primary key autoincrement not null, "venta_id" integer not null, "article_id" integer not null, "cantidad" integer not null, "precio_unitario" numeric not null, "descuento_item" numeric not null default '0', "subtotal_item" numeric not null, "created_at" datetime, "updated_at" datetime, foreign key("venta_id") references "ventas"("id") on delete cascade, foreign key("article_id") references "articles"("id"));
INSERT INTO venta_detalles VALUES(1,1,2,2,15000,0,30000,'2025-10-10 03:15:07','2025-10-10 03:15:07');
INSERT INTO venta_detalles VALUES(2,1,3,2,15000,0,30000,'2025-10-10 03:15:07','2025-10-10 03:15:07');
INSERT INTO venta_detalles VALUES(3,1,1,5,8000,0,40000,'2025-10-10 03:15:07','2025-10-10 03:15:07');
INSERT INTO venta_detalles VALUES(4,2,3,1,15000,0,15000,'2025-10-10 04:21:59','2025-10-10 04:21:59');
INSERT INTO venta_detalles VALUES(5,3,1,1,8000,0,8000,'2025-10-13 19:23:55','2025-10-13 19:23:55');
INSERT INTO venta_detalles VALUES(6,4,2,1,15000,0,15000,'2025-10-14 21:20:07','2025-10-14 21:20:07');
INSERT INTO venta_detalles VALUES(7,5,3,1,15000,0,15000,'2025-10-14 21:20:12','2025-10-14 21:20:12');
INSERT INTO venta_detalles VALUES(8,6,1,1,8000,0,8000,'2025-10-14 23:37:19','2025-10-14 23:37:19');
INSERT INTO venta_detalles VALUES(9,7,2,2,15000,0,30000,'2025-10-14 23:37:25','2025-10-14 23:37:25');
CREATE TABLE IF NOT EXISTS "bodega_article" ("id" integer primary key autoincrement not null, "bodega_id" integer not null, "article_id" integer not null, "stock" integer not null default '0', "created_at" datetime, "updated_at" datetime, foreign key("bodega_id") references "bodegas"("id") on delete cascade, foreign key("article_id") references "articles"("id") on delete cascade);
INSERT INTO bodega_article VALUES(1,1,1,93,'2025-10-08 01:05:46','2025-10-14 23:37:19');
INSERT INTO bodega_article VALUES(2,1,2,5,'2025-10-08 16:28:08','2025-10-14 23:37:25');
INSERT INTO bodega_article VALUES(3,1,3,46,'2025-10-08 17:43:36','2025-10-14 21:20:12');
CREATE TABLE IF NOT EXISTS "insumos" ("id" integer primary key autoincrement not null, "nombre" varchar not null, "unidad_compra" varchar not null, "unidad_consumo" varchar not null, "conversion" varchar not null, "stock" integer not null default '0', "costo_unitario_promedio" numeric, "created_at" datetime, "updated_at" datetime);
CREATE TABLE IF NOT EXISTS "recetas" ("id" integer primary key autoincrement not null, "nombre" varchar not null, "tipo" varchar not null, "precio" numeric not null, "created_at" datetime, "updated_at" datetime);
CREATE TABLE IF NOT EXISTS "receta_detalles" ("id" integer primary key autoincrement not null, "receta_id" integer not null, "insumos_id" integer not null, "cantidad" integer not null, "unidad" varchar not null, "created_at" datetime, "updated_at" datetime, foreign key("receta_id") references "recetas"("id") on delete cascade, foreign key("insumos_id") references "insumos"("id") on delete cascade);
CREATE TABLE IF NOT EXISTS "compras" ("id" integer primary key autoincrement not null, "proveedor_id" integer not null, "fecha" date not null, "total" numeric not null, "created_at" datetime, "updated_at" datetime, foreign key("proveedor_id") references "suppliers"("id"));
CREATE TABLE IF NOT EXISTS "compra_detalles" ("id" integer primary key autoincrement not null, "compra_id" integer not null, "insumo_id" integer not null, "cantidad" integer not null, "costo_unitario" numeric not null, "costo_total" numeric not null, "created_at" datetime, "updated_at" datetime, foreign key("compra_id") references "compras"("id") on delete cascade, foreign key("insumo_id") references "insumos"("id") on delete cascade);
CREATE TABLE IF NOT EXISTS "personal_access_tokens" ("id" integer primary key autoincrement not null, "tokenable_type" varchar not null, "tokenable_id" integer not null, "name" text not null, "token" varchar not null, "abilities" text, "last_used_at" datetime, "expires_at" datetime, "created_at" datetime, "updated_at" datetime);
DELETE FROM sqlite_sequence;
INSERT INTO sqlite_sequence VALUES('migrations',32);
INSERT INTO sqlite_sequence VALUES('users',2);
INSERT INTO sqlite_sequence VALUES('articles',3);
INSERT INTO sqlite_sequence VALUES('permissions',79);
INSERT INTO sqlite_sequence VALUES('roles',4);
INSERT INTO sqlite_sequence VALUES('bodegas',1);
INSERT INTO sqlite_sequence VALUES('bodega_article',3);
INSERT INTO sqlite_sequence VALUES('cajas',1);
INSERT INTO sqlite_sequence VALUES('sesion_cajas',5);
INSERT INTO sqlite_sequence VALUES('ventas',7);
INSERT INTO sqlite_sequence VALUES('venta_detalles',9);
INSERT INTO sqlite_sequence VALUES('clientes',1);
CREATE INDEX "sessions_user_id_index" on "sessions" ("user_id");
CREATE INDEX "sessions_last_activity_index" on "sessions" ("last_activity");
CREATE INDEX "jobs_queue_index" on "jobs" ("queue");
CREATE UNIQUE INDEX "failed_jobs_uuid_unique" on "failed_jobs" ("uuid");
CREATE UNIQUE INDEX "permissions_name_guard_name_unique" on "permissions" ("name", "guard_name");
CREATE UNIQUE INDEX "roles_name_guard_name_unique" on "roles" ("name", "guard_name");
CREATE INDEX "model_has_permissions_model_id_model_type_index" on "model_has_permissions" ("model_id", "model_type");
CREATE INDEX "model_has_roles_model_id_model_type_index" on "model_has_roles" ("model_id", "model_type");
CREATE UNIQUE INDEX "bodegas_nombre_unique" on "bodegas" ("nombre");
CREATE UNIQUE INDEX "users_documento_identidad_unique" on "users" ("documento_identidad");
CREATE UNIQUE INDEX "users_email_unique" on "users" ("email");
CREATE UNIQUE INDEX "clientes_documento_identidad_unique" on "clientes" ("documento_identidad");
CREATE UNIQUE INDEX "clientes_email_unique" on "clientes" ("email");
CREATE UNIQUE INDEX "clientes_user_id_unique" on "clientes" ("user_id");
CREATE INDEX "personal_access_tokens_tokenable_type_tokenable_id_index" on "personal_access_tokens" ("tokenable_type", "tokenable_id");
CREATE UNIQUE INDEX "personal_access_tokens_token_unique" on "personal_access_tokens" ("token");
CREATE INDEX "personal_access_tokens_expires_at_index" on "personal_access_tokens" ("expires_at");
COMMIT;
